timestamp_s,laser_power_w,T1_cut_zone_c,Fx_n,Fy_n,Fz_n
0.0,0,25.0,446.88,240.57,640.13
0.01,0,25.0,434.96,241.24,642.42
0.02,0,25.0,438.3,239.81,637.28
0.03,0,25.0,442.85,245.25,641.43
0.04,0,25.0,441.95,240.13,637.36
0.05,0,25.0,436.84,238.31,640.38
0.06,0,25.0,439.9,243.96,642.87
0.07,0,25.0,445.85,243.02,638.96
0.08,0,25.0,440.31,233.46,646.58
0.09,0,25.0,437.61,238.31,647.19
0.1,0,25.0,435.66,237.47,639.69
0.11,0,25.0,437.63,240.3,640.92
0.12,0,25.0,442.48,239.52,642.71
0.13,0,25.0,438.62,242.38,644.64
0.14,0,25.0,433.07,239.06,640.67
0.15,0,25.0,432.44,227.8,641.2
0.16,0,25.0,437.39,243.08,639.92
0.17,0,25.0,439.91,238.57,640.37
0.18,0,25.0,436.35,237.91,643.09
0.19,0,25.0,438.95,241.97,639.92
0.2,0,25.0,438.61,236.11,643.31
0.21,0,25.0,436.66,241.45,633.77
0.22,0,25.0,441.04,241.49,637.42
0.23,0,25.0,433.52,239.33,640.37
0.24,0,25.0,437.88,237.26,643.57
0.251,0,25.0,439.51,238.3,643.32
0.261,0,25.0,439.88,237.18,643.42
0.271,0,25.0,438.52,243.63,637.28
0.281,0,25.0,441.24,244.86,641.77
0.291,0,25.0,441.95,241.74,643.36
0.301,0,25.0,440.29,241.74,639.06
0.311,0,25.0,447.62,236.49,643.23
0.321,0,25.0,436.08,242.1,645.17
0.331,0,25.0,435.64,246.92,636.16
0.341,0,25.0,436.72,241.24,635.62
0.351,0,25.0,443.84,241.91,629.2
0.361,0,25.0,434.32,237.1,641.61
0.371,0,25.0,435.72,237.1,642.4
0.381,0,25.0,436.02,241.12,634.55
0.391,0,25.0,443.9,245.55,635.4
0.401,0,25.0,430.6,233.29,643.72
0.411,0,25.0,437.66,244.06,634.63
0.421,0,25.0,436.19,239.43,644.12
0.431,0,25.0,439.04,235.83,641.08
0.441,0,25.0,440.23,241.87,639.19
0.451,0,25.0,437.43,239.97,630.11
0.461,0,25.0,440.94,244.74,642.07
0.471,0,25.0,436.13,233.84,645.08
0.481,0,25.0,437.88,239.06,640.77
0.491,0,25.0,437.55,240.05,645.81
0.501,0,25.0,437.93,247.46,641.4
0.511,0,25.0,441.15,243.63,643.53
0.521,0,25.0,444.06,242.1,637.6
0.531,0,25.0,446.33,239.31,636.61
0.541,0,25.0,443.44,242.47,639.78
0.551,0,25.0,440.2,242.21,647.51
0.561,0,25.0,439.61,234.93,637.66
0.571,0,25.0,441.92,239.11,637.28
0.581,0,25.0,442.78,242.82,639.1
0.591,0,25.0,441.03,237.39,637.5
0.601,0,25.0,438.55,234.52,641.23
0.611,0,25.0,439.57,237.88,640.29
0.621,0,25.0,440.39,236.92,637.51
0.631,0,25.0,436.71,245.16,633.19
0.641,0,25.0,439.49,243.09,635.51
0.651,0,25.0,435.98,235.89,632.62
0.661,0,25.0,444.36,238.7,635.23
0.671,0,25.0,437.05,240.21,638.2
0.681,0,25.0,435.94,241.46,635.94
0.691,0,25.0,437.87,240.1,636.55
0.701,0,25.0,439.71,236.87,649.92
0.711,0,25.0,437.77,242.09,635.98
0.721,0,25.0,434.94,238.86,637.98
0.731,0,25.0,437.99,239.2,642.82
0.741,0,25.0,446.88,247.29,639.54
0.752,0,25.0,446.53,246.01,636.79
0.762,0,25.0,437.34,238.84,646.98
0.772,0,25.0,438.65,238.24,644.67
0.782,0,25.0,438.46,238.56,641.52
0.792,0,25.0,439.84,229.58,634.19
0.802,0,25.0,441.91,233.44,643.96
0.812,0,25.0,438.82,240.1,640.21
0.822,0,25.0,431.99,236.27,634.93
0.832,0,25.0,440.04,245.13,638.2
0.842,0,25.0,439.38,231.37,637.62
0.852,0,25.0,438.14,238.36,641.47
0.862,0,25.0,444.66,239.05,640.67
0.872,0,25.0,432.94,241.52,639.25
0.882,0,25.0,432.2,240.46,636.52
0.892,0,25.0,443.13,240.95,639.46
0.902,0,25.0,445.93,238.5,637.92
0.912,0,25.0,439.28,239.62,635.79
0.922,0,25.0,441.43,240.85,637.11
0.932,0,25.0,433.02,243.99,644.45
0.942,0,25.0,442.84,243.21,646.46
0.952,0,25.0,440.71,245.89,638.89
0.962,0,25.0,436.06,239.6,638.31
0.972,0,25.0,441.53,246.79,641.28
0.982,0,25.0,443.78,248.09,646.79
0.992,0,25.0,440.03,237.01,648.13
1.002,0,25.0,435.43,232.47,631.77
1.012,0,25.0,444.37,233.86,638.7
1.022,0,25.0,439.2,244.91,634.26
1.032,0,25.0,439.93,240.93,645.34
1.042,0,25.0,438.78,240.82,638.63
1.052,0,25.0,444.1,243.51,638.21
1.062,0,25.0,441.94,233.86,640.04
1.072,0,25.0,436.24,238.12,643.8
1.082,0,25.0,448.36,240.62,639.25
1.092,0,25.0,438.48,242.81,639.1
1.102,0,25.0,443.73,245.96,642.33
1.112,0,25.0,438.29,242.88,637.08
1.122,0,25.0,432.82,244.4,647.5
1.132,0,25.0,445.13,238.41,626.34
1.142,0,25.0,436.91,242.31,638.25
1.152,0,25.0,445.37,236.57,641.79
1.162,0,25.0,440.7,240.83,634.18
1.172,0,25.0,439.38,240.84,638.18
1.182,0,25.0,434.54,237.82,635.94
1.192,0,25.0,441.15,243.63,641.07
1.202,0,25.0,441.23,239.03,640.52
1.212,0,25.0,431.94,240.04,643.29
1.222,0,25.0,437.62,242.51,633.7
1.232,0,25.0,439.91,238.97,641.58
1.242,0,25.0,440.3,248.63,626.96
1.253,0,25.0,433.9,237.0,640.09
1.263,0,25.0,437.11,236.99,633.38
1.273,0,25.0,434.25,236.2,645.79
1.283,0,25.0,436.44,250.76,643.97
1.293,0,25.0,438.54,242.98,643.81
1.303,0,25.0,434.88,233.18,645.6
1.313,0,25.0,435.85,243.19,642.44
1.323,0,25.0,432.99,242.31,641.97
1.333,0,25.0,444.87,239.58,641.54
1.343,0,25.0,441.24,238.77,646.3
1.353,0,25.0,443.6,245.9,641.15
1.363,0,25.0,444.4,235.88,637.22
1.373,0,25.0,443.74,238.8,638.12
1.383,0,25.0,440.35,233.35,640.38
1.393,0,25.0,441.68,238.42,635.19
1.403,0,25.0,446.75,241.42,635.59
1.413,0,25.0,437.34,233.21,632.71
1.423,0,25.0,432.02,236.35,641.4
1.433,0,25.0,442.68,239.24,643.81
1.443,0,25.0,441.99,235.09,636.32
1.453,0,25.0,440.85,242.45,644.07
1.463,0,25.0,434.19,231.9,647.83
1.473,0,25.0,438.6,243.74,639.88
1.483,0,25.0,434.19,245.38,641.64
1.493,0,25.0,445.7,242.21,635.81
1.503,0,25.0,439.63,243.8,637.02
1.513,0,25.0,440.55,244.48,634.84
1.523,0,25.0,438.32,240.52,643.67
1.533,0,25.0,439.44,236.95,642.09
1.543,0,25.0,437.38,241.52,641.28
1.553,0,25.0,439.06,243.29,644.59
1.563,0,25.0,434.61,241.95,639.2
1.573,0,25.0,438.66,240.21,644.6
1.583,0,25.0,439.29,238.59,634.86
1.593,0,25.0,439.22,239.9,636.08
1.603,0,25.0,438.69,241.83,645.49
1.613,0,25.0,438.79,247.94,643.95
1.623,0,25.0,443.45,242.36,640.4
1.633,0,25.0,437.49,239.76,640.28
1.643,0,25.0,440.69,246.22,648.08
1.653,0,25.0,442.24,244.1,637.35
1.663,0,25.0,432.17,239.72,641.12
1.673,0,25.0,445.75,249.83,641.22
1.683,0,25.0,445.38,244.62,641.04
1.693,0,25.0,443.5,241.73,646.41
1.703,0,25.0,435.98,230.93,640.75
1.713,0,25.0,443.92,244.43,637.96
1.723,0,25.0,442.41,237.62,642.97
1.733,0,25.0,437.26,235.95,644.01
1.743,0,25.0,435.23,234.35,643.42
1.754,0,25.0,440.65,230.99,644.98
1.764,0,25.0,435.33,238.43,639.8
1.774,0,25.0,448.31,240.16,643.87
1.784,0,25.0,439.7,242.3,634.62
1.794,0,25.0,440.26,237.81,636.2
1.804,0,25.0,441.45,244.41,642.16
1.814,0,25.0,439.0,243.19,635.82
1.824,0,25.0,441.53,242.34,639.91
1.834,0,25.0,439.25,240.74,638.0
1.844,0,25.0,439.38,243.2,632.58
1.854,0,25.0,445.24,242.08,641.11
1.864,0,25.0,436.23,238.6,637.87
1.874,0,25.0,442.96,242.76,644.84
1.884,0,25.0,440.47,232.15,636.36
1.894,0,25.0,438.74,241.51,634.2
1.904,0,25.0,439.38,240.43,637.78
1.914,0,25.0,439.4,249.22,640.07
1.924,0,25.0,448.02,241.09,637.31
1.934,0,25.0,442.33,238.49,639.85
1.944,0,25.0,431.17,241.49,637.77
1.954,0,25.0,444.59,240.52,638.56
1.964,0,25.0,435.9,240.15,638.57
1.974,0,25.0,436.96,247.48,639.47
1.984,0,25.0,443.59,245.88,641.64
1.994,0,25.0,442.53,242.04,643.84
2.004,0,25.0,442.31,242.01,640.57
2.014,0,25.0,438.1,238.3,637.49
2.024,0,25.0,440.78,245.21,636.27
2.034,0,25.0,437.59,236.11,639.79
2.044,0,25.0,444.06,238.68,641.21
2.054,0,25.0,430.8,239.41,641.92
2.064,0,25.0,437.56,233.53,641.82
2.074,0,25.0,439.56,247.17,637.7
2.084,0,25.0,439.38,238.48,640.39
2.094,0,25.0,432.79,245.37,642.51
2.104,0,25.0,439.09,238.57,642.05
2.114,0,25.0,441.42,238.34,639.34
2.124,0,25.0,441.36,238.32,638.7
2.134,0,25.0,438.32,238.57,634.87
2.144,0,25.0,436.27,241.46,643.12
2.154,0,25.0,439.8,225.86,634.15
2.164,0,25.0,441.62,246.66,644.78
2.174,0,25.0,439.19,238.62,638.31
2.184,0,25.0,446.87,240.94,636.38
2.194,0,25.0,443.77,243.3,632.05
2.204,0,25.0,437.53,244.0,643.62
2.214,0,25.0,435.12,240.03,643.5
2.224,0,25.0,441.39,235.9,639.32
2.234,0,25.0,442.66,241.99,636.26
2.244,0,25.0,449.3,240.94,634.14
2.255,0,25.0,438.77,229.27,637.37
2.265,0,25.0,439.91,249.58,640.85
2.275,0,25.0,441.54,243.09,640.93
2.285,0,25.0,437.75,245.45,642.16
2.295,0,25.0,446.2,244.17,636.44
2.305,0,25.0,438.33,238.54,638.62
2.315,0,25.0,441.9,239.45,637.03
2.325,0,25.0,445.92,245.5,640.3
2.335,0,25.0,436.0,237.73,637.2
2.345,0,25.0,436.66,236.35,641.11
2.355,0,25.0,441.34,241.86,636.52
2.365,0,25.0,441.34,247.98,641.1
2.375,0,25.0,438.64,250.88,641.41
2.385,0,25.0,437.73,243.65,637.4
2.395,0,25.0,438.77,244.14,637.81
2.405,0,25.0,434.38,242.96,643.47
2.415,0,25.0,434.8,238.83,644.46
2.425,0,25.0,441.19,243.48,639.75
2.435,0,25.0,437.75,238.04,639.02
2.445,0,25.0,440.94,229.69,632.75
2.455,0,25.0,440.28,242.88,637.68
2.465,0,25.0,440.3,236.06,634.87
2.475,0,25.0,440.9,240.01,638.28
2.485,0,25.0,435.19,240.56,640.03
2.495,0,25.0,439.28,239.8,638.83
2.505,0,25.0,442.3,241.8,647.2
2.515,0,25.0,445.73,240.05,635.43
2.525,0,25.0,442.67,237.86,646.13
2.535,0,25.0,434.4,238.51,646.17
2.545,0,25.0,440.2,243.0,642.74
2.555,0,25.0,438.26,243.43,636.78
2.565,0,25.0,438.89,248.4,639.44
2.575,0,25.0,441.58,235.98,645.36
2.585,0,25.0,436.57,237.25,637.79
2.595,0,25.0,436.45,234.6,638.98
2.605,0,25.0,438.23,239.71,636.28
2.615,0,25.0,436.59,238.85,640.08
2.625,0,25.0,436.47,239.93,639.16
2.635,0,25.0,444.17,242.53,642.01
2.645,0,25.0,443.98,237.6,645.32
2.655,0,25.0,440.78,238.15,641.62
2.665,0,25.0,435.9,246.95,641.04
2.675,0,25.0,434.26,235.69,638.08
2.685,0,25.0,437.89,241.81,643.48
2.695,0,25.0,444.01,242.16,636.43
2.705,0,25.0,444.39,244.81,632.52
2.715,0,25.0,437.84,238.67,637.02
2.725,0,25.0,444.07,241.82,640.27
2.735,0,25.0,435.3,232.05,636.41
2.745,0,25.0,436.8,236.52,631.79
2.756,0,25.0,434.06,238.32,641.28
2.766,0,25.0,437.92,239.07,639.68
2.776,0,25.0,439.7,244.63,636.86
2.786,0,25.0,440.75,234.82,644.54
2.796,0,25.0,442.8,243.81,640.4
2.806,0,25.0,439.49,234.99,641.18
2.816,0,25.0,445.26,229.2,646.78
2.826,0,25.0,436.78,241.83,636.8
2.836,0,25.0,439.38,243.16,639.26
2.846,0,25.0,447.02,240.14,642.51
2.856,0,25.0,437.59,238.03,638.44
2.866,0,25.0,441.95,246.48,640.12
2.876,0,25.0,434.98,237.61,634.65
2.886,0,25.0,441.89,240.1,635.81
2.896,0,25.0,438.59,243.65,641.79
2.906,0,25.0,437.77,242.93,641.53
2.916,0,25.0,437.86,240.72,647.3
2.926,0,25.0,435.7,243.98,639.45
2.936,0,25.0,442.47,241.56,641.1
2.946,0,25.0,439.4,240.01,642.64
2.956,0,25.0,441.79,234.31,641.78
2.966,0,25.0,445.11,243.49,640.82
2.976,0,25.0,432.88,242.31,642.59
2.986,0,25.0,445.71,236.28,639.09
2.996,0,25.0,437.93,238.95,633.26
3.006,0,25.0,438.16,238.31,638.52
3.016,0,25.0,446.2,237.52,638.23
3.026,0,25.0,444.35,237.77,644.65
3.036,0,25.0,441.72,237.51,637.19
3.046,0,25.0,440.5,239.19,640.33
3.056,0,25.0,437.7,242.25,637.32
3.066,0,25.0,438.11,239.23,635.03
3.076,0,25.0,438.7,239.13,634.29
3.086,0,25.0,432.93,244.78,638.88
3.096,0,25.0,439.37,237.45,646.09
3.106,0,25.0,439.11,232.94,641.83
3.116,0,25.0,436.11,241.62,639.4
3.126,0,25.0,444.9,241.79,638.45
3.136,0,25.0,445.52,250.63,637.86
3.146,0,25.0,444.22,241.44,641.74
3.156,0,25.0,435.11,236.15,645.54
3.166,0,25.0,440.58,237.9,647.06
3.176,0,25.0,444.8,242.89,636.16
3.186,0,25.0,439.96,245.79,632.02
3.196,0,25.0,433.76,236.86,643.84
3.206,0,25.0,440.92,241.87,640.78
3.216,0,25.0,440.42,244.77,654.23
3.226,0,25.0,441.87,245.2,638.3
3.236,0,25.0,446.35,240.41,640.75
3.246,0,25.0,438.22,237.03,637.89
3.257,0,25.0,436.2,234.94,647.34
3.267,0,25.0,441.81,243.96,642.06
3.277,0,25.0,434.42,240.19,636.53
3.287,0,25.0,436.87,239.6,640.71
3.297,0,25.0,440.42,240.56,638.91
3.307,0,25.0,440.18,245.02,648.74
3.317,0,25.0,444.5,239.17,641.61
3.327,0,25.0,443.87,244.05,644.92
3.337,0,25.0,444.99,241.66,638.94
3.347,0,25.0,433.93,244.31,642.49
3.357,0,25.0,436.64,240.1,638.45
3.367,0,25.0,438.29,246.98,638.6
3.377,0,25.0,449.69,239.49,637.17
3.387,0,25.0,440.54,249.62,639.41
3.397,0,25.0,442.06,231.0,642.35
3.407,0,25.0,434.54,239.54,645.43
3.417,0,25.0,439.0,242.86,639.1
3.427,0,25.0,438.66,241.11,644.33
3.437,0,25.0,440.39,239.92,636.17
3.447,0,25.0,433.27,240.51,639.27
3.457,0,25.0,441.07,244.13,643.26
3.467,0,25.0,436.48,241.01,641.1
3.477,0,25.0,439.0,231.0,636.77
3.487,0,25.0,439.59,242.98,638.72
3.497,0,25.0,434.39,245.39,639.8
3.507,0,25.0,438.12,242.07,642.7
3.517,0,25.0,439.62,237.6,637.66
3.527,0,25.0,443.1,239.37,641.9
3.537,0,25.0,432.29,237.94,638.38
3.547,0,25.0,438.02,232.13,638.12
3.557,0,25.0,446.17,241.11,637.79
3.567,0,25.0,437.02,234.47,640.79
3.577,0,25.0,436.75,238.29,643.43
3.587,0,25.0,443.64,242.34,633.25
3.597,0,25.0,437.61,244.57,635.13
3.607,0,25.0,444.87,239.75,643.64
3.617,0,25.0,438.19,235.19,635.79
3.627,0,25.0,445.67,238.55,634.95
3.637,0,25.0,443.1,233.67,639.19
3.647,0,25.0,441.19,241.01,641.53
3.657,0,25.0,439.48,229.99,640.81
3.667,0,25.0,439.65,239.03,641.79
3.677,0,25.0,442.9,240.68,645.83
3.687,0,25.0,448.6,240.97,638.43
3.697,0,25.0,434.64,242.13,632.71
3.707,0,25.0,446.57,243.74,637.72
3.717,0,25.0,442.55,236.34,635.41
3.727,0,25.0,442.88,235.75,640.8
3.737,0,25.0,439.31,246.07,641.08
3.747,0,25.0,446.14,243.28,636.74
3.758,0,25.0,435.15,231.37,639.95
3.768,0,25.0,428.68,236.52,630.16
3.778,0,25.0,437.31,242.62,636.29
3.788,0,25.0,437.58,237.96,640.87
3.798,0,25.0,433.86,240.22,639.37
3.808,0,25.0,435.64,235.84,644.61
3.818,0,25.0,442.66,241.48,636.42
3.828,0,25.0,438.38,234.55,632.7
3.838,0,25.0,437.86,237.35,634.75
3.848,0,25.0,434.85,241.21,637.87
3.858,0,25.0,433.41,247.89,632.76
3.868,0,25.0,440.57,235.7,642.42
3.878,0,25.0,440.0,243.78,639.44
3.888,0,25.0,436.69,245.49,639.48
3.898,0,25.0,438.87,239.1,636.8
3.908,0,25.0,441.12,246.42,645.69
3.918,0,25.0,440.9,242.29,642.7
3.928,0,25.0,437.16,245.67,640.71
3.938,0,25.0,432.44,242.17,636.05
3.948,0,25.0,440.91,242.41,638.46
3.958,0,25.0,440.8,245.1,634.18
3.968,0,25.0,432.16,239.21,638.73
3.978,0,25.0,448.0,243.67,641.79
3.988,0,25.0,439.28,231.94,634.38
3.998,0,25.0,438.36,240.4,637.95
4.008,0,25.0,440.1,242.45,636.8
4.018,0,25.0,437.94,235.76,644.47
4.028,0,25.0,431.54,242.02,642.7
4.038,0,25.0,431.5,237.68,643.94
4.048,0,25.0,435.99,237.29,639.43
4.058,0,25.0,444.86,242.07,636.85
4.068,0,25.0,434.08,233.55,640.92
4.078,0,25.0,430.89,237.25,641.93
4.088,0,25.0,434.75,238.26,639.1
4.098,0,25.0,442.56,234.15,639.82
4.108,0,25.0,439.32,239.95,633.24
4.118,0,25.0,441.57,236.17,639.08
4.128,0,25.0,436.15,247.3,639.77
4.138,0,25.0,448.11,237.05,638.44
4.148,0,25.0,445.45,238.09,641.33
4.158,0,25.0,444.17,238.08,636.86
4.168,0,25.0,438.58,243.62,641.29
4.178,0,25.0,444.73,238.52,637.67
4.188,0,25.0,435.07,238.38,637.21
4.198,0,25.0,439.1,235.82,636.72
4.208,0,25.0,438.33,243.44,638.24
4.218,0,25.0,437.29,243.68,644.96
4.228,0,25.0,438.39,238.55,632.34
4.238,0,25.0,433.36,239.39,645.12
4.248,0,25.0,446.95,242.88,637.65
4.259,0,25.0,441.64,233.73,639.27
4.269,0,25.0,434.87,239.61,645.33
4.279,0,25.0,448.3,240.46,641.18
4.289,0,25.0,432.98,236.99,645.68
4.299,0,25.0,444.25,242.94,641.4
4.309,0,25.0,446.18,238.58,638.85
4.319,0,25.0,450.84,236.18,641.41
4.329,0,25.0,438.11,245.6,638.56
4.339,0,25.0,438.24,238.37,642.84
4.349,0,25.0,435.6,233.69,639.13
4.359,0,25.0,438.19,241.77,638.23
4.369,0,25.0,437.19,240.76,641.33
4.379,0,25.0,443.7,239.88,632.37
4.389,0,25.0,439.43,239.65,639.22
4.399,0,25.0,441.75,238.49,644.08
4.409,0,25.0,438.45,245.23,635.18
4.419,0,25.0,430.19,235.77,651.02
4.429,0,25.0,438.59,239.18,640.72
4.439,0,25.0,437.93,240.7,640.14
4.449,0,25.0,447.93,244.47,640.76
4.459,0,25.0,442.47,242.11,635.36
4.469,0,25.0,444.18,237.16,642.88
4.479,0,25.0,440.28,243.35,645.42
4.489,0,25.0,442.07,237.79,638.47
4.499,0,25.0,442.0,238.06,638.19
4.509,0,25.0,439.25,238.3,641.83
4.519,0,25.0,437.93,240.11,636.81
4.529,0,25.0,432.79,242.93,643.65
4.539,0,25.0,437.74,242.96,640.99
4.549,0,25.0,435.1,244.48,631.77
4.559,0,25.0,439.53,242.64,635.33
4.569,0,25.0,446.19,237.41,644.79
4.579,0,25.0,439.02,242.53,639.58
4.589,0,25.0,449.3,241.45,643.93
4.599,0,25.0,442.73,240.62,638.83
4.609,0,25.0,441.5,243.85,643.52
4.619,0,25.0,442.08,239.37,642.75
4.629,0,25.0,435.96,239.85,631.76
4.639,0,25.0,437.21,239.33,634.31
4.649,0,25.0,435.38,243.74,642.0
4.659,0,25.0,444.37,244.7,642.6
4.669,0,25.0,443.23,241.23,645.19
4.679,0,25.0,433.94,239.37,644.21
4.689,0,25.0,443.44,240.34,638.76
4.699,0,25.0,443.44,239.41,635.59
4.709,0,25.0,444.74,238.56,640.82
4.719,0,25.0,433.59,229.83,641.88
4.729,0,25.0,446.72,230.95,638.02
4.739,0,25.0,442.32,240.84,640.32
4.749,0,25.0,439.95,236.22,644.47
4.76,0,25.0,443.93,241.54,630.89
4.77,0,25.0,446.8,239.86,642.18
4.78,0,25.0,447.78,245.32,639.72
4.79,0,25.0,444.37,242.48,637.75
4.8,0,25.0,440.62,233.01,633.79
4.81,0,25.0,440.87,245.75,636.16
4.82,0,25.0,444.91,240.7,647.3
4.83,0,25.0,438.67,251.96,641.92
4.84,0,25.0,439.17,241.13,632.77
4.85,0,25.0,441.51,238.84,642.13
4.86,0,25.0,438.81,229.21,629.65
4.87,0,25.0,437.46,235.0,643.6
4.88,0,25.0,435.74,241.85,639.39
4.89,0,25.0,446.26,240.41,640.85
4.9,0,25.0,435.97,241.54,642.73
4.91,0,25.0,439.56,242.88,635.85
4.92,0,25.0,439.14,241.66,638.77
4.93,0,25.0,444.95,242.6,637.55
4.94,0,25.0,436.29,239.99,637.11
4.95,0,25.0,438.43,235.51,643.13
4.96,0,25.0,440.71,241.23,643.32
4.97,0,25.0,430.81,240.18,639.05
4.98,0,25.0,442.76,242.06,642.13
4.99,0,25.0,445.24,232.52,635.75
5.0,0,25.0,444.9,245.82,636.76
0.0,400,385.0,374.27,197.91,538.04
0.01,400,385.0,368.19,207.02,537.91
0.02,400,385.0,368.28,197.96,536.84
0.03,400,385.0,378.66,200.37,541.15
0.04,400,385.0,362.22,191.18,523.66
0.05,400,385.0,367.39,199.91,543.38
0.06,400,385.0,370.42,199.48,542.54
0.07,400,385.0,368.07,200.14,544.76
0.08,400,385.0,365.12,200.68,536.71
0.09,400,385.0,371.92,202.27,533.84
0.1,400,385.0,370.84,202.03,536.96
0.11,400,385.0,370.78,199.25,530.62
0.12,400,385.0,369.16,201.1,540.27
0.13,400,385.0,365.95,196.0,536.98
0.14,400,385.0,366.52,193.36,524.45
0.15,400,385.0,368.46,200.04,530.16
0.16,400,385.0,365.79,197.82,528.66
0.17,400,385.0,364.7,202.05,533.92
0.18,400,385.0,371.94,197.73,542.65
0.19,400,385.0,366.51,189.95,531.35
0.2,400,385.0,365.6,201.41,536.85
0.21,400,385.0,363.9,201.63,535.09
0.22,400,385.0,359.87,195.6,535.3
0.23,400,385.0,360.13,199.07,532.69
0.24,400,385.0,370.85,202.74,534.73
0.251,400,385.0,358.83,201.31,519.93
0.261,400,385.0,365.22,197.54,538.97
0.271,400,385.0,363.15,194.65,529.86
0.281,400,385.0,365.14,203.65,539.59
0.291,400,385.0,362.13,204.68,534.05
0.301,400,385.0,364.48,196.17,529.48
0.311,400,385.0,364.75,201.0,528.79
0.321,400,385.0,370.23,205.46,533.39
0.331,400,385.0,367.22,200.77,535.58
0.341,400,385.0,370.27,203.37,536.97
0.351,400,385.0,364.19,203.29,535.44
0.361,400,385.0,369.93,201.97,548.77
0.371,400,385.0,365.88,204.63,540.51
0.381,400,385.0,364.64,196.51,530.06
0.391,400,385.0,360.13,197.2,526.58
0.401,400,385.0,372.89,200.91,536.27
0.411,400,385.0,368.73,208.02,528.15
0.421,400,385.0,354.66,196.88,523.68
0.431,400,385.0,365.14,198.11,532.73
0.441,400,385.0,366.54,211.63,548.03
0.451,400,385.0,367.38,199.36,533.64
0.461,400,385.0,371.25,197.67,538.32
0.471,400,385.0,363.52,201.41,528.78
0.481,400,385.0,369.13,201.06,531.31
0.491,400,385.0,369.37,208.59,532.92
0.501,400,385.0,369.45,201.25,545.26
0.511,400,385.0,369.21,200.34,530.16
0.521,400,385.0,364.79,199.01,538.96
0.531,400,385.0,362.97,207.45,537.7
0.541,400,385.0,375.65,199.25,539.87
0.551,400,385.0,365.41,198.94,533.56
0.561,400,385.0,374.04,203.57,544.31
0.571,400,385.0,358.76,196.79,522.68
0.581,400,385.0,372.96,207.78,541.04
0.591,400,385.0,370.1,200.86,539.54
0.601,400,385.0,366.32,204.65,536.31
0.611,400,385.0,358.61,200.44,528.26
0.621,400,385.0,367.77,200.57,538.14
0.631,400,385.0,362.43,193.62,526.32
0.641,400,385.0,374.69,206.87,537.94
0.651,400,385.0,365.3,203.56,526.1
0.661,400,385.0,371.73,194.09,541.59
0.671,400,385.0,376.56,207.71,545.51
0.681,400,385.0,353.27,193.44,523.84
0.691,400,385.0,360.82,200.86,533.53
0.701,400,385.0,357.46,196.57,524.36
0.711,400,385.0,368.12,197.87,522.65
0.721,400,385.0,361.06,192.56,525.43
0.731,400,385.0,368.4,202.33,533.69
0.741,400,385.0,359.75,203.09,534.38
0.752,400,385.0,376.88,197.31,552.91
0.762,400,385.0,360.71,198.65,534.4
0.772,400,385.0,373.01,204.93,545.26
0.782,400,385.0,363.06,198.48,530.34
0.792,400,385.0,364.53,204.02,541.01
0.802,400,385.0,370.9,201.76,541.75
0.812,400,385.0,363.06,196.88,528.75
0.822,400,385.0,361.3,195.57,526.02
0.832,400,385.0,365.27,198.54,526.58
0.842,400,385.0,365.18,197.21,527.75
0.852,400,385.0,366.99,203.67,531.73
0.862,400,385.0,365.11,198.18,532.19
0.872,400,385.0,375.08,205.27,537.89
0.882,400,385.0,365.22,203.73,532.3
0.892,400,385.0,360.5,200.99,526.5
0.902,400,385.0,359.69,196.01,522.33
0.912,400,385.0,372.48,203.55,539.46
0.922,400,385.0,357.25,192.19,531.07
0.932,400,385.0,370.21,199.31,540.47
0.942,400,385.0,367.1,199.02,530.01
0.952,400,385.0,364.75,203.64,534.51
0.962,400,385.0,368.02,199.65,533.62
0.972,400,385.0,371.77,197.32,542.25
0.982,400,385.0,363.5,207.78,530.49
0.992,400,385.0,364.65,204.2,525.0
1.002,400,385.0,363.15,206.22,542.97
1.012,400,385.0,367.78,205.98,546.13
1.022,400,385.0,366.92,205.76,531.05
1.032,400,385.0,365.99,200.16,536.27
1.042,400,385.0,363.0,195.35,532.85
1.052,400,385.0,372.17,203.33,531.98
1.062,400,385.0,367.09,205.83,536.14
1.072,400,385.0,364.33,203.03,532.26
1.082,400,385.0,381.35,201.83,548.72
1.092,400,385.0,373.77,204.51,540.58
1.102,400,385.0,356.68,199.93,523.88
1.112,400,385.0,369.49,194.1,527.99
1.122,400,385.0,367.27,200.26,540.86
1.132,400,385.0,366.08,200.77,526.97
1.142,400,385.0,375.0,201.95,547.28
1.152,400,385.0,361.52,194.38,528.38
1.162,400,385.0,365.33,196.59,530.96
1.172,400,385.0,370.1,202.42,536.68
1.182,400,385.0,357.56,199.79,525.0
1.192,400,385.0,368.24,200.79,535.88
1.202,400,385.0,365.98,202.47,540.71
1.212,400,385.0,373.75,200.91,537.96
1.222,400,385.0,375.73,204.89,547.42
1.232,400,385.0,363.51,199.98,529.17
1.242,400,385.0,374.17,206.28,539.3
1.253,400,385.0,367.02,201.98,535.6
1.263,400,385.0,369.1,207.25,534.16
1.273,400,385.0,368.77,203.89,531.2
1.283,400,385.0,363.85,203.82,538.61
1.293,400,385.0,376.07,210.97,545.23
1.303,400,385.0,364.45,195.89,530.79
1.313,400,385.0,366.13,202.86,543.77
1.323,400,385.0,369.93,202.01,537.26
1.333,400,385.0,365.16,197.71,522.21
1.343,400,385.0,365.75,202.04,528.74
1.353,400,385.0,358.42,200.83,524.57
1.363,400,385.0,363.98,200.43,533.27
1.373,400,385.0,368.38,199.29,527.23
1.383,400,385.0,372.92,201.22,541.32
1.393,400,385.0,373.96,204.79,546.6
1.403,400,385.0,370.27,206.29,535.87
1.413,400,385.0,371.1,202.59,543.47
1.423,400,385.0,370.54,195.36,534.57
1.433,400,385.0,364.92,200.39,531.32
1.443,400,385.0,368.05,201.39,536.58
1.453,400,385.0,364.34,203.37,528.76
1.463,400,385.0,362.95,199.47,536.63
1.473,400,385.0,361.8,190.08,536.57
1.483,400,385.0,370.71,203.05,547.06
1.493,400,385.0,371.37,195.69,536.23
1.503,400,385.0,367.58,200.29,534.31
1.513,400,385.0,359.04,195.49,525.99
1.523,400,385.0,360.35,196.88,524.8
1.533,400,385.0,369.04,197.9,539.76
1.543,400,385.0,362.32,195.79,530.95
1.553,400,385.0,366.36,204.21,537.13
1.563,400,385.0,359.1,199.94,535.86
1.573,400,385.0,368.03,203.87,540.07
1.583,400,385.0,360.02,199.13,525.75
1.593,400,385.0,366.04,200.04,533.87
1.603,400,385.0,361.72,199.21,533.59
1.613,400,385.0,369.49,208.62,540.6
1.623,400,385.0,365.74,202.26,534.21
1.633,400,385.0,360.05,198.68,523.32
1.643,400,385.0,364.91,205.83,532.92
1.653,400,385.0,380.07,200.81,545.8
1.663,400,385.0,369.92,200.12,537.13
1.673,400,385.0,365.11,197.02,533.02
1.683,400,385.0,368.52,201.81,538.3
1.693,400,385.0,364.36,196.49,531.29
1.703,400,385.0,368.93,202.37,529.4
1.713,400,385.0,365.98,204.0,531.4
1.723,400,385.0,369.84,202.82,538.53
1.733,400,385.0,363.44,198.0,530.59
1.743,400,385.0,373.32,203.19,533.23
1.754,400,385.0,365.74,199.25,538.13
1.764,400,385.0,362.59,201.78,527.32
1.774,400,385.0,359.41,207.67,527.53
1.784,400,385.0,367.26,203.92,532.11
1.794,400,385.0,362.43,195.77,524.32
1.804,400,385.0,360.25,195.01,528.38
1.814,400,385.0,363.91,203.14,525.5
1.824,400,385.0,367.1,197.9,539.28
1.834,400,385.0,363.66,201.22,539.66
1.844,400,385.0,370.4,199.93,537.93
1.854,400,385.0,368.01,202.64,539.66
1.864,400,385.0,362.15,198.86,525.1
1.874,400,385.0,369.64,198.59,530.15
1.884,400,385.0,364.05,198.09,530.66
1.894,400,385.0,356.26,195.13,524.78
1.904,400,385.0,367.23,198.88,533.14
1.914,400,385.0,360.36,202.17,539.84
1.924,400,385.0,367.31,196.6,535.41
1.934,400,385.0,357.44,198.81,531.04
1.944,400,385.0,365.36,197.33,537.58
1.954,400,385.0,367.22,199.89,536.27
1.964,400,385.0,369.14,199.33,540.66
1.974,400,385.0,361.62,199.43,532.06
1.984,400,385.0,365.92,200.06,537.12
1.994,400,385.0,371.99,199.82,537.06
2.004,400,385.0,362.18,201.49,537.33
2.014,400,385.0,370.8,203.25,540.09
2.024,400,385.0,366.43,202.0,538.64
2.034,400,385.0,361.72,202.84,534.84
2.044,400,385.0,361.31,188.14,527.03
2.054,400,385.0,367.8,199.48,529.32
2.064,400,385.0,365.56,201.21,532.52
2.074,400,385.0,363.62,202.47,539.23
2.084,400,385.0,364.18,196.55,524.81
2.094,400,385.0,364.02,199.45,530.52
2.104,400,385.0,371.34,198.08,537.15
2.114,400,385.0,372.66,196.77,528.18
2.124,400,385.0,366.69,196.12,531.0
2.134,400,385.0,368.6,194.12,529.75
2.144,400,385.0,368.47,198.4,541.87
2.154,400,385.0,359.18,201.12,532.07
2.164,400,385.0,362.9,195.96,531.05
2.174,400,385.0,371.15,203.02,536.63
2.184,400,385.0,367.72,201.86,534.11
2.194,400,385.0,365.69,203.88,539.08
2.204,400,385.0,367.49,203.42,537.87
2.214,400,385.0,373.66,208.05,539.32
2.224,400,385.0,357.81,197.07,517.59
2.234,400,385.0,367.21,199.92,534.17
2.244,400,385.0,370.36,200.95,541.79
2.255,400,385.0,369.58,206.93,542.14
2.265,400,385.0,365.67,196.93,534.29
2.275,400,385.0,374.08,191.95,530.56
2.285,400,385.0,367.01,198.07,528.99
2.295,400,385.0,367.28,201.9,539.22
2.305,400,385.0,365.51,199.74,540.65
2.315,400,385.0,363.99,201.91,533.4
2.325,400,385.0,371.78,199.94,539.84
2.335,400,385.0,368.72,204.03,529.75
2.345,400,385.0,357.54,199.82,525.82
2.355,400,385.0,361.81,193.67,532.14
2.365,400,385.0,368.35,203.23,534.88
2.375,400,385.0,370.7,207.93,542.57
2.385,400,385.0,365.83,206.28,527.18
2.395,400,385.0,363.63,199.65,531.1
2.405,400,385.0,373.18,206.13,542.11
2.415,400,385.0,362.66,197.29,530.4
2.425,400,385.0,370.36,206.42,537.53
2.435,400,385.0,368.51,201.96,543.92
2.445,400,385.0,362.08,201.75,528.75
2.455,400,385.0,365.71,205.47,541.63
2.465,400,385.0,372.32,200.53,536.43
2.475,400,385.0,367.73,201.53,539.15
2.485,400,385.0,365.27,191.78,532.57
2.495,400,385.0,371.95,203.2,533.26
2.505,400,385.0,362.89,198.37,530.32
2.515,400,385.0,372.02,204.14,538.13
2.525,400,385.0,367.98,197.17,534.56
2.535,400,385.0,368.1,201.75,535.44
2.545,400,385.0,374.31,206.93,541.65
2.555,400,385.0,363.55,202.89,534.52
2.565,400,385.0,369.78,203.04,541.52
2.575,400,385.0,366.29,195.61,529.51
2.585,400,385.0,370.7,202.03,542.08
2.595,400,385.0,364.66,196.55,532.64
2.605,400,385.0,369.57,195.57,539.49
2.615,400,385.0,366.7,200.8,537.5
2.625,400,385.0,365.34,199.1,526.42
2.635,400,385.0,354.5,199.41,523.64
2.645,400,385.0,362.6,204.34,534.69
2.655,400,385.0,377.69,204.16,540.8
2.665,400,385.0,364.92,195.62,533.56
2.675,400,385.0,371.49,198.74,534.34
2.685,400,385.0,367.2,196.1,534.18
2.695,400,385.0,363.13,196.84,537.69
2.705,400,385.0,373.45,197.3,533.08
2.715,400,385.0,367.92,205.89,533.76
2.725,400,385.0,366.52,198.54,521.01
2.735,400,385.0,363.79,199.41,533.2
2.745,400,385.0,364.64,196.68,532.3
2.756,400,385.0,368.98,193.4,531.57
2.766,400,385.0,374.42,204.2,529.09
2.776,400,385.0,362.04,196.63,524.16
2.786,400,385.0,370.73,208.16,544.73
2.796,400,385.0,358.28,195.31,535.91
2.806,400,385.0,370.12,202.36,534.02
2.816,400,385.0,371.23,201.32,537.39
2.826,400,385.0,365.48,198.25,533.85
2.836,400,385.0,363.09,193.6,534.91
2.846,400,385.0,376.02,197.75,550.22
2.856,400,385.0,367.02,200.15,532.88
2.866,400,385.0,366.72,204.02,533.74
2.876,400,385.0,369.4,203.07,537.72
2.886,400,385.0,368.28,199.4,542.03
2.896,400,385.0,368.09,197.68,535.64
2.906,400,385.0,370.74,198.71,537.73
2.916,400,385.0,360.51,193.61,526.37
2.926,400,385.0,373.02,199.89,532.78
2.936,400,385.0,354.55,199.02,519.96
2.946,400,385.0,368.69,204.37,537.06
2.956,400,385.0,370.78,203.97,533.72
2.966,400,385.0,364.15,198.35,529.26
2.976,400,385.0,365.09,197.26,524.11
2.986,400,385.0,368.39,199.83,532.0
2.996,400,385.0,366.09,204.37,534.45
3.006,400,385.0,357.24,195.6,525.16
3.016,400,385.0,361.14,204.17,541.66
3.026,400,385.0,369.47,197.08,530.94
3.036,400,385.0,370.55,203.03,534.97
3.046,400,385.0,363.33,194.31,528.53
3.056,400,385.0,373.72,200.9,537.75
3.066,400,385.0,363.13,205.47,534.57
3.076,400,385.0,375.24,198.89,539.61
3.086,400,385.0,372.53,203.94,537.71
3.096,400,385.0,367.03,201.18,534.77
3.106,400,385.0,372.05,204.62,538.44
3.116,400,385.0,355.32,195.71,520.73
3.126,400,385.0,374.26,200.21,541.55
3.136,400,385.0,363.0,189.9,526.46
3.146,400,385.0,360.4,200.89,521.33
3.156,400,385.0,373.46,192.61,531.28
3.166,400,385.0,363.54,198.93,543.24
3.176,400,385.0,376.24,201.73,545.92
3.186,400,385.0,368.0,206.64,529.6
3.196,400,385.0,371.7,208.05,542.27
3.206,400,385.0,362.93,200.09,532.32
3.216,400,385.0,384.12,206.4,546.37
3.226,400,385.0,369.66,194.85,534.83
3.236,400,385.0,370.59,197.55,543.91
3.246,400,385.0,372.68,204.31,547.12
3.257,400,385.0,367.09,200.42,537.05
3.267,400,385.0,371.45,197.02,535.78
3.277,400,385.0,359.85,202.7,534.08
3.287,400,385.0,356.66,201.04,533.06
3.297,400,385.0,367.04,203.17,532.67
3.307,400,385.0,368.74,195.56,535.47
3.317,400,385.0,373.06,194.76,540.49
3.327,400,385.0,369.27,197.53,530.4
3.337,400,385.0,373.46,204.78,543.09
3.347,400,385.0,364.34,200.72,536.61
3.357,400,385.0,379.75,201.58,540.28
3.367,400,385.0,372.21,206.78,534.44
3.377,400,385.0,374.52,208.5,544.66
3.387,400,385.0,363.3,204.39,521.31
3.397,400,385.0,374.08,200.43,543.2
3.407,400,385.0,362.63,199.32,535.84
3.417,400,385.0,365.05,202.97,537.25
3.427,400,385.0,372.83,208.23,538.62
3.437,400,385.0,360.86,199.3,532.11
3.447,400,385.0,362.8,203.81,528.24
3.457,400,385.0,353.6,201.93,531.67
3.467,400,385.0,367.58,195.63,529.29
3.477,400,385.0,364.55,196.93,529.26
3.487,400,385.0,358.5,199.49,529.12
3.497,400,385.0,366.62,202.1,531.06
3.507,400,385.0,364.1,194.77,523.83
3.517,400,385.0,369.25,196.87,529.9
3.527,400,385.0,374.94,199.62,536.84
3.537,400,385.0,372.38,202.39,534.15
3.547,400,385.0,377.1,203.5,544.53
3.557,400,385.0,373.42,200.38,537.98
3.567,400,385.0,373.26,197.98,532.18
3.577,400,385.0,366.7,201.91,539.74
3.587,400,385.0,371.79,201.33,531.46
3.597,400,385.0,366.18,203.07,526.83
3.607,400,385.0,367.96,194.9,534.51
3.617,400,385.0,357.28,194.6,524.4
3.627,400,385.0,373.8,200.72,539.84
3.637,400,385.0,364.9,200.81,530.11
3.647,400,385.0,366.48,197.84,533.17
3.657,400,385.0,373.78,201.83,543.02
3.667,400,385.0,362.66,197.46,524.12
3.677,400,385.0,367.94,200.79,532.53
3.687,400,385.0,368.2,206.19,543.06
3.697,400,385.0,373.0,197.92,535.89
3.707,400,385.0,363.92,198.82,534.52
3.717,400,385.0,370.72,198.77,535.78
3.727,400,385.0,364.42,199.93,526.12
3.737,400,385.0,361.06,196.57,529.77
3.747,400,385.0,370.61,194.13,537.04
3.758,400,385.0,359.68,195.76,526.67
3.768,400,385.0,364.35,201.07,534.85
3.778,400,385.0,367.17,198.83,528.13
3.788,400,385.0,369.8,206.72,534.29
3.798,400,385.0,369.86,205.08,538.83
3.808,400,385.0,374.45,206.06,539.16
3.818,400,385.0,362.36,202.2,526.48
3.828,400,385.0,367.24,195.54,528.53
3.838,400,385.0,361.66,199.5,520.76
3.848,400,385.0,361.93,196.78,523.09
3.858,400,385.0,370.2,201.69,533.18
3.868,400,385.0,368.57,202.6,535.03
3.878,400,385.0,365.59,200.31,535.21
3.888,400,385.0,365.03,200.66,531.27
3.898,400,385.0,367.95,197.26,539.68
3.908,400,385.0,365.96,197.94,535.21
3.918,400,385.0,361.07,199.29,528.97
3.928,400,385.0,368.0,196.7,529.16
3.938,400,385.0,357.93,193.73,529.05
3.948,400,385.0,368.18,200.08,537.93
3.958,400,385.0,362.39,201.02,525.51
3.968,400,385.0,368.31,201.51,535.89
3.978,400,385.0,372.26,203.11,532.04
3.988,400,385.0,370.63,196.52,528.56
3.998,400,385.0,368.13,194.98,532.88
4.008,400,385.0,365.11,200.37,530.85
4.018,400,385.0,364.76,203.52,531.92
4.028,400,385.0,365.74,199.28,532.25
4.038,400,385.0,373.01,202.91,540.49
4.048,400,385.0,363.65,202.82,529.57
4.058,400,385.0,375.64,197.91,535.59
4.068,400,385.0,375.92,208.31,547.77
4.078,400,385.0,372.08,203.77,535.1
4.088,400,385.0,366.63,197.99,530.35
4.098,400,385.0,361.06,198.83,526.67
4.108,400,385.0,360.79,189.75,522.97
4.118,400,385.0,363.99,197.18,536.78
4.128,400,385.0,371.01,200.98,541.28
4.138,400,385.0,355.3,198.58,526.66
4.148,400,385.0,369.18,202.51,530.61
4.158,400,385.0,361.31,200.84,528.19
4.168,400,385.0,362.97,200.33,534.79
4.178,400,385.0,368.31,207.85,532.6
4.188,400,385.0,365.71,197.46,540.67
4.198,400,385.0,362.81,199.33,539.91
4.208,400,385.0,363.53,202.91,528.59
4.218,400,385.0,371.32,204.15,549.85
4.228,400,385.0,364.46,194.96,532.11
4.238,400,385.0,369.19,198.48,542.82
4.248,400,385.0,371.98,201.04,535.39
4.259,400,385.0,371.3,201.09,539.19
4.269,400,385.0,371.11,200.75,534.47
4.279,400,385.0,361.8,197.08,528.69
4.289,400,385.0,364.97,199.6,535.58
4.299,400,385.0,365.88,198.99,531.99
4.309,400,385.0,370.11,199.73,534.8
4.319,400,385.0,370.75,205.36,531.27
4.329,400,385.0,368.32,203.79,541.19
4.339,400,385.0,371.85,207.12,535.26
4.349,400,385.0,359.8,197.79,530.26
4.359,400,385.0,361.5,193.58,522.22
4.369,400,385.0,362.2,200.1,527.94
4.379,400,385.0,357.83,200.03,529.6
4.389,400,385.0,366.78,205.18,538.65
4.399,400,385.0,373.78,207.29,551.01
4.409,400,385.0,365.86,197.89,531.46
4.419,400,385.0,370.4,198.11,546.05
4.429,400,385.0,368.05,198.8,532.13
4.439,400,385.0,371.67,203.88,542.5
4.449,400,385.0,360.2,193.33,523.52
4.459,400,385.0,362.96,195.75,537.2
4.469,400,385.0,366.13,190.64,527.95
4.479,400,385.0,361.12,196.8,526.75
4.489,400,385.0,382.77,200.63,542.34
4.499,400,385.0,369.7,198.45,541.24
4.509,400,385.0,371.9,199.36,530.89
4.519,400,385.0,366.96,201.84,524.78
4.529,400,385.0,372.05,204.93,531.89
4.539,400,385.0,365.96,196.02,538.44
4.549,400,385.0,361.76,199.88,525.8
4.559,400,385.0,362.11,201.74,538.69
4.569,400,385.0,363.6,199.89,532.56
4.579,400,385.0,369.86,202.47,540.63
4.589,400,385.0,371.85,204.56,533.99
4.599,400,385.0,364.34,193.34,532.35
4.609,400,385.0,367.61,197.72,539.53
4.619,400,385.0,370.43,207.03,538.89
4.629,400,385.0,373.16,204.4,541.66
4.639,400,385.0,368.84,203.43,539.29
4.649,400,385.0,371.71,202.4,529.3
4.659,400,385.0,371.45,200.53,544.73
4.669,400,385.0,372.31,203.73,540.81
4.679,400,385.0,370.9,202.56,538.68
4.689,400,385.0,361.24,201.41,531.29
4.699,400,385.0,365.45,204.19,532.69
4.709,400,385.0,359.01,191.66,535.0
4.719,400,385.0,357.99,197.74,528.77
4.729,400,385.0,368.16,199.48,540.78
4.739,400,385.0,370.4,203.25,539.23
4.749,400,385.0,371.23,202.43,536.06
4.76,400,385.0,371.41,207.06,545.84
4.77,400,385.0,362.17,198.7,524.22
4.78,400,385.0,367.7,194.5,532.32
4.79,400,385.0,366.62,198.83,530.87
4.8,400,385.0,367.71,199.82,538.42
4.81,400,385.0,365.62,205.92,536.2
4.82,400,385.0,375.37,200.64,536.49
4.83,400,385.0,366.68,201.72,548.09
4.84,400,385.0,367.14,196.27,538.28
4.85,400,385.0,369.54,195.68,536.04
4.86,400,385.0,368.14,203.93,536.99
4.87,400,385.0,366.93,199.55,532.06
4.88,400,385.0,368.08,198.82,541.89
4.89,400,385.0,366.79,197.92,537.28
4.9,400,385.0,365.0,199.78,536.84
4.91,400,385.0,371.46,203.93,541.95
4.92,400,385.0,364.68,198.21,529.84
4.93,400,385.0,366.31,203.45,530.41
4.94,400,385.0,369.52,203.77,534.39
4.95,400,385.0,368.59,202.62,535.25
4.96,400,385.0,374.39,208.75,536.88
4.97,400,385.0,371.3,203.49,537.22
4.98,400,385.0,369.64,200.74,533.57
4.99,400,385.0,372.25,202.1,540.86
5.0,400,385.0,364.11,201.72,532.4
0.0,600,565.0,329.78,177.28,471.08
0.01,600,565.0,328.45,180.87,477.25
0.02,600,565.0,324.53,175.59,479.34
0.03,600,565.0,333.29,177.17,478.76
0.04,600,565.0,330.84,178.19,470.4
0.05,600,565.0,329.95,187.16,485.31
0.06,600,565.0,330.2,180.38,476.22
0.07,600,565.0,328.84,176.9,480.28
0.08,600,565.0,328.79,178.43,476.52
0.09,600,565.0,337.9,185.86,498.35
0.1,600,565.0,328.49,175.25,476.62
0.11,600,565.0,328.63,175.39,484.14
0.12,600,565.0,335.45,175.94,483.69
0.13,600,565.0,326.83,177.07,467.24
0.14,600,565.0,335.24,184.38,487.01
0.15,600,565.0,336.44,179.58,483.85
0.16,600,565.0,330.3,180.72,477.9
0.17,600,565.0,328.29,181.04,482.46
0.18,600,565.0,338.16,186.98,483.68
0.19,600,565.0,343.65,185.88,494.3
0.2,600,565.0,331.06,179.44,483.91
0.21,600,565.0,321.18,181.68,473.78
0.22,600,565.0,330.86,179.17,485.02
0.23,600,565.0,325.27,179.86,477.89
0.24,600,565.0,326.23,177.02,478.76
0.251,600,565.0,334.62,180.87,480.46
0.261,600,565.0,340.98,186.52,481.43
0.271,600,565.0,332.89,181.47,483.93
0.281,600,565.0,323.61,180.27,474.2
0.291,600,565.0,327.85,179.74,477.23
0.301,600,565.0,329.03,180.93,481.47
0.311,600,565.0,337.3,181.35,489.82
0.321,600,565.0,332.12,180.46,478.78
0.331,600,565.0,336.15,187.22,483.67
0.341,600,565.0,324.06,173.86,470.51
0.351,600,565.0,330.73,178.15,477.04
0.361,600,565.0,331.13,180.23,487.27
0.371,600,565.0,331.25,181.85,481.15
0.381,600,565.0,338.29,184.71,479.54
0.391,600,565.0,321.19,169.75,462.96
0.401,600,565.0,324.66,179.19,477.64
0.411,600,565.0,335.83,182.56,492.26
0.421,600,565.0,333.67,179.76,478.36
0.431,600,565.0,332.92,186.67,490.68
0.441,600,565.0,338.47,186.55,486.18
0.451,600,565.0,331.16,184.35,481.6
0.461,600,565.0,327.61,185.48,480.42
0.471,600,565.0,326.38,174.88,479.94
0.481,600,565.0,335.29,183.54,482.63
0.491,600,565.0,335.76,189.44,486.83
0.501,600,565.0,334.94,183.67,483.02
0.511,600,565.0,335.51,182.45,483.16
0.521,600,565.0,335.09,184.18,487.03
0.531,600,565.0,330.81,188.73,488.18
0.541,600,565.0,333.85,183.67,481.79
0.551,600,565.0,332.46,180.25,481.92
0.561,600,565.0,329.98,179.29,475.55
0.571,600,565.0,332.54,180.88,487.41
0.581,600,565.0,325.95,180.4,476.91
0.591,600,565.0,335.18,180.97,486.54
0.601,600,565.0,328.09,174.46,473.02
0.611,600,565.0,334.57,176.15,478.87
0.621,600,565.0,330.08,176.8,477.59
0.631,600,565.0,330.5,180.64,482.28
0.641,600,565.0,334.24,183.51,484.75
0.651,600,565.0,326.28,180.11,476.47
0.661,600,565.0,329.74,179.27,482.58
0.671,600,565.0,329.76,178.26,483.37
0.681,600,565.0,326.19,180.83,478.73
0.691,600,565.0,333.87,179.44,482.37
0.701,600,565.0,332.18,179.99,483.36
0.711,600,565.0,328.86,183.1,474.34
0.721,600,565.0,328.58,180.28,477.87
0.731,600,565.0,336.32,180.34,484.89
0.741,600,565.0,328.89,177.61,481.8
0.752,600,565.0,335.96,178.27,483.83
0.762,600,565.0,329.06,179.91,478.36
0.772,600,565.0,330.78,181.66,473.65
0.782,600,565.0,333.1,181.0,481.44
0.792,600,565.0,333.27,176.44,481.49
0.802,600,565.0,333.99,187.26,491.45
0.812,600,565.0,329.07,183.27,476.75
0.822,600,565.0,321.09,174.84,477.83
0.832,600,565.0,331.92,182.61,485.96
0.842,600,565.0,341.32,183.77,488.12
0.852,600,565.0,329.48,181.77,480.09
0.862,600,565.0,329.23,176.07,480.01
0.872,600,565.0,330.2,179.34,478.3
0.882,600,565.0,333.94,183.81,484.04
0.892,600,565.0,329.26,175.57,476.27
0.902,600,565.0,333.6,181.84,484.42
0.912,600,565.0,331.47,180.43,482.89
0.922,600,565.0,331.44,182.17,480.01
0.932,600,565.0,323.25,178.25,478.4
0.942,600,565.0,329.04,183.96,481.29
0.952,600,565.0,328.01,184.18,479.67
0.962,600,565.0,340.19,183.26,491.81
0.972,600,565.0,332.51,181.35,487.18
0.982,600,565.0,329.02,184.73,480.07
0.992,600,565.0,328.67,176.06,481.96
1.002,600,565.0,338.91,180.67,476.6
1.012,600,565.0,325.63,179.48,473.9
1.022,600,565.0,334.73,183.12,485.45
1.032,600,565.0,328.93,176.92,476.55
1.042,600,565.0,331.24,179.62,476.07
1.052,600,565.0,330.78,178.6,482.37
1.062,600,565.0,328.38,175.73,473.42
1.072,600,565.0,332.77,182.45,485.11
1.082,600,565.0,335.89,179.86,481.05
1.092,600,565.0,335.88,182.13,486.88
1.102,600,565.0,328.86,177.74,476.88
1.112,600,565.0,337.05,183.38,488.13
1.122,600,565.0,335.89,175.2,480.31
1.132,600,565.0,329.33,178.46,477.59
1.142,600,565.0,337.51,186.14,488.61
1.152,600,565.0,325.75,183.27,474.86
1.162,600,565.0,335.77,180.7,479.05
1.172,600,565.0,326.8,181.11,482.95
1.182,600,565.0,326.62,183.56,476.02
1.192,600,565.0,339.62,179.25,484.27
1.202,600,565.0,321.65,182.58,478.7
1.212,600,565.0,331.17,178.28,475.74
1.222,600,565.0,326.64,176.52,481.21
1.232,600,565.0,324.98,179.46,478.48
1.242,600,565.0,336.69,179.25,485.99
1.253,600,565.0,331.77,183.36,490.7
1.263,600,565.0,321.85,177.28,474.21
1.273,600,565.0,328.81,183.6,484.31
1.283,600,565.0,324.63,178.8,478.26
1.293,600,565.0,330.67,175.48,481.09
1.303,600,565.0,335.45,176.65,478.11
1.313,600,565.0,330.3,176.11,468.02
1.323,600,565.0,330.69,180.87,478.75
1.333,600,565.0,325.93,172.41,470.54
1.343,600,565.0,335.08,180.67,478.39
1.353,600,565.0,326.47,183.19,474.65
1.363,600,565.0,322.6,175.32,472.61
1.373,600,565.0,335.52,178.17,473.54
1.383,600,565.0,331.56,179.82,483.93
1.393,600,565.0,331.94,182.17,481.31
1.403,600,565.0,327.6,177.28,479.34
1.413,600,565.0,324.16,175.97,482.28
1.423,600,565.0,338.99,185.65,488.81
1.433,600,565.0,337.95,182.3,487.98
1.443,600,565.0,332.86,180.44,481.4
1.453,600,565.0,328.15,186.74,482.2
1.463,600,565.0,326.76,174.52,471.04
1.473,600,565.0,333.3,180.27,481.87
1.483,600,565.0,337.03,180.03,477.83
1.493,600,565.0,326.58,176.83,475.49
1.503,600,565.0,328.74,181.37,480.97
1.513,600,565.0,325.74,178.48,475.73
1.523,600,565.0,327.44,175.42,481.58
1.533,600,565.0,331.62,182.37,481.23
1.543,600,565.0,326.59,180.37,481.83
1.553,600,565.0,331.63,177.39,479.67
1.563,600,565.0,334.0,181.27,488.43
1.573,600,565.0,335.12,179.64,484.9
1.583,600,565.0,334.89,180.53,476.33
1.593,600,565.0,336.66,180.2,485.51
1.603,600,565.0,338.79,185.78,501.89
1.613,600,565.0,327.25,177.62,481.39
1.623,600,565.0,330.62,175.77,486.3
1.633,600,565.0,328.56,177.42,483.25
1.643,600,565.0,326.32,177.17,478.89
1.653,600,565.0,324.51,181.1,476.62
1.663,600,565.0,336.74,182.55,486.72
1.673,600,565.0,327.27,179.12,473.57
1.683,600,565.0,328.25,179.38,477.45
1.693,600,565.0,328.38,177.64,482.09
1.703,600,565.0,328.95,179.49,476.58
1.713,600,565.0,333.6,180.23,487.43
1.723,600,565.0,332.04,177.12,477.69
1.733,600,565.0,337.97,177.0,478.34
1.743,600,565.0,326.98,179.23,480.45
1.754,600,565.0,331.89,180.17,478.6
1.764,600,565.0,330.6,180.09,482.65
1.774,600,565.0,331.05,177.46,479.8
1.784,600,565.0,332.88,185.91,481.03
1.794,600,565.0,332.67,175.56,480.81
1.804,600,565.0,330.62,179.0,485.61
1.814,600,565.0,330.99,182.33,478.87
1.824,600,565.0,330.03,177.88,487.48
1.834,600,565.0,337.17,180.55,486.27
1.844,600,565.0,325.18,179.25,475.51
1.854,600,565.0,329.94,180.97,482.97
1.864,600,565.0,332.01,182.69,476.29
1.874,600,565.0,334.23,181.48,474.45
1.884,600,565.0,325.15,169.16,474.57
1.894,600,565.0,334.22,182.89,486.87
1.904,600,565.0,334.05,178.53,475.47
1.914,600,565.0,336.99,184.56,493.15
1.924,600,565.0,337.6,184.51,487.06
1.934,600,565.0,335.64,178.14,478.41
1.944,600,565.0,321.46,173.54,473.01
1.954,600,565.0,325.61,182.09,486.1
1.964,600,565.0,331.14,184.27,483.42
1.974,600,565.0,322.93,174.03,474.71
1.984,600,565.0,327.25,175.42,487.22
1.994,600,565.0,334.03,179.78,472.28
2.004,600,565.0,336.68,176.89,484.55
2.014,600,565.0,330.5,184.03,488.4
2.024,600,565.0,340.9,182.57,485.81
2.034,600,565.0,329.76,179.62,477.97
2.044,600,565.0,331.23,177.5,474.22
2.054,600,565.0,331.71,180.64,485.46
2.064,600,565.0,328.09,181.5,474.78
2.074,600,565.0,333.05,182.15,481.69
2.084,600,565.0,324.02,178.22,474.27
2.094,600,565.0,328.11,174.71,481.35
2.104,600,565.0,331.87,186.64,478.34
2.114,600,565.0,330.34,178.3,482.03
2.124,600,565.0,334.1,177.33,488.21
2.134,600,565.0,331.51,179.53,476.35
2.144,600,565.0,331.39,177.9,482.8
2.154,600,565.0,332.36,175.11,474.14
2.164,600,565.0,337.11,180.56,486.2
2.174,600,565.0,324.74,178.81,482.92
2.184,600,565.0,325.1,172.62,479.47
2.194,600,565.0,331.53,181.89,481.48
2.204,600,565.0,336.15,178.33,484.94
2.214,600,565.0,334.35,175.31,485.32
2.224,600,565.0,320.79,180.62,482.36
2.234,600,565.0,325.93,178.47,476.57
2.244,600,565.0,331.54,175.21,479.09
2.255,600,565.0,335.93,183.67,490.37
2.265,600,565.0,323.35,185.2,476.5
2.275,600,565.0,329.41,176.96,472.76
2.285,600,565.0,324.42,176.01,480.5
2.295,600,565.0,329.65,184.0,482.91
2.305,600,565.0,324.41,177.6,482.13
2.315,600,565.0,333.39,177.62,471.82
2.325,600,565.0,332.87,177.28,479.44
2.335,600,565.0,330.85,184.41,488.06
2.345,600,565.0,327.42,182.27,486.28
2.355,600,565.0,338.57,182.46,484.76
2.365,600,565.0,320.08,179.63,467.28
2.375,600,565.0,324.4,178.7,475.61
2.385,600,565.0,331.47,181.85,477.99
2.395,600,565.0,331.99,170.15,477.51
2.405,600,565.0,332.22,181.53,481.68
2.415,600,565.0,333.55,180.06,481.55
2.425,600,565.0,325.66,177.09,479.28
2.435,600,565.0,327.26,177.12,475.16
2.445,600,565.0,333.54,179.15,485.87
2.455,600,565.0,334.4,183.9,481.0
2.465,600,565.0,331.91,178.13,485.96
2.475,600,565.0,326.46,182.23,472.11
2.485,600,565.0,330.75,180.48,478.95
2.495,600,565.0,321.64,182.16,469.08
2.505,600,565.0,329.25,179.97,477.89
2.515,600,565.0,323.38,172.06,470.91
2.525,600,565.0,331.16,182.79,491.54
2.535,600,565.0,339.0,181.7,490.17
2.545,600,565.0,331.85,179.59,480.39
2.555,600,565.0,320.57,174.18,467.53
2.565,600,565.0,327.71,175.37,480.26
2.575,600,565.0,327.83,177.4,480.69
2.585,600,565.0,328.68,171.73,481.28
2.595,600,565.0,327.7,176.07,477.59
2.605,600,565.0,327.44,177.44,478.05
2.615,600,565.0,331.89,179.05,479.44
2.625,600,565.0,324.35,179.52,477.37
2.635,600,565.0,337.09,188.71,494.22
2.645,600,565.0,328.38,180.08,485.2
2.655,600,565.0,333.72,179.13,480.95
2.665,600,565.0,335.72,183.03,486.18
2.675,600,565.0,332.35,184.43,482.02
2.685,600,565.0,341.4,183.26,490.55
2.695,600,565.0,328.91,177.31,480.14
2.705,600,565.0,326.42,178.8,477.71
2.715,600,565.0,326.57,179.57,474.38
2.725,600,565.0,330.69,180.11,479.15
2.735,600,565.0,331.05,175.01,483.61
2.745,600,565.0,331.6,184.64,476.51
2.756,600,565.0,324.52,178.69,473.2
2.766,600,565.0,333.01,178.06,478.05
2.776,600,565.0,338.49,177.87,487.08
2.786,600,565.0,336.67,179.78,483.48
2.796,600,565.0,331.54,179.8,480.17
2.806,600,565.0,329.5,180.96,478.63
2.816,600,565.0,326.01,177.94,479.34
2.826,600,565.0,323.14,186.32,482.82
2.836,600,565.0,334.2,181.64,489.3
2.846,600,565.0,329.0,180.53,482.38
2.856,600,565.0,335.19,181.65,477.78
2.866,600,565.0,330.78,174.96,475.01
2.876,600,565.0,333.54,185.33,495.38
2.886,600,565.0,338.5,181.11,494.39
2.896,600,565.0,332.79,178.17,477.15
2.906,600,565.0,330.83,176.06,485.93
2.916,600,565.0,329.9,179.75,484.19
2.926,600,565.0,329.92,184.29,483.25
2.936,600,565.0,327.21,178.84,479.94
2.946,600,565.0,326.37,178.06,487.03
2.956,600,565.0,328.95,179.52,487.55
2.966,600,565.0,326.72,179.42,468.06
2.976,600,565.0,331.13,180.31,481.27
2.986,600,565.0,332.97,182.73,488.5
2.996,600,565.0,329.4,184.16,473.06
3.006,600,565.0,330.26,177.63,482.0
3.016,600,565.0,334.67,178.93,485.08
3.026,600,565.0,336.33,185.41,489.78
3.036,600,565.0,330.28,185.48,485.95
3.046,600,565.0,339.59,181.24,493.82
3.056,600,565.0,338.83,182.23,486.81
3.066,600,565.0,333.17,185.78,488.39
3.076,600,565.0,327.77,177.87,479.82
3.086,600,565.0,328.62,178.75,479.44
3.096,600,565.0,329.91,183.76,484.23
3.106,600,565.0,329.99,185.01,485.05
3.116,600,565.0,329.54,184.56,481.85
3.126,600,565.0,335.14,187.56,489.0
3.136,600,565.0,323.62,172.61,469.51
3.146,600,565.0,333.81,176.01,475.3
3.156,600,565.0,339.34,183.67,483.69
3.166,600,565.0,341.33,181.07,484.33
3.176,600,565.0,329.57,178.85,472.74
3.186,600,565.0,331.38,175.86,478.56
3.196,600,565.0,336.56,176.93,487.92
3.206,600,565.0,321.12,179.34,470.93
3.216,600,565.0,333.66,181.64,479.5
3.226,600,565.0,333.97,184.49,488.92
3.236,600,565.0,332.29,178.14,476.36
3.246,600,565.0,330.42,179.34,483.46
3.257,600,565.0,330.04,181.44,476.29
3.267,600,565.0,331.12,179.64,481.23
3.277,600,565.0,329.42,179.54,481.56
3.287,600,565.0,329.37,180.95,485.35
3.297,600,565.0,326.55,182.35,480.09
3.307,600,565.0,324.32,180.46,479.45
3.317,600,565.0,327.3,179.44,477.19
3.327,600,565.0,330.45,178.92,481.03
3.337,600,565.0,333.33,180.81,481.36
3.347,600,565.0,333.97,179.62,483.11
3.357,600,565.0,336.68,180.66,489.7
3.367,600,565.0,329.69,173.17,473.66
3.377,600,565.0,328.96,183.77,488.33
3.387,600,565.0,322.15,174.94,465.29
3.397,600,565.0,331.72,182.63,488.27
3.407,600,565.0,328.0,185.05,485.76
3.417,600,565.0,336.57,185.63,493.84
3.427,600,565.0,328.63,184.56,479.67
3.437,600,565.0,332.89,181.03,487.43
3.447,600,565.0,329.52,185.86,481.35
3.457,600,565.0,330.37,179.89,482.78
3.467,600,565.0,331.81,181.39,481.97
3.477,600,565.0,336.56,180.82,485.98
3.487,600,565.0,334.48,182.83,482.37
3.497,600,565.0,330.01,181.38,476.54
3.507,600,565.0,326.45,178.99,474.59
3.517,600,565.0,327.05,181.23,473.27
3.527,600,565.0,328.81,180.53,481.67
3.537,600,565.0,324.26,177.22,471.49
3.547,600,565.0,336.07,183.48,489.6
3.557,600,565.0,326.19,175.42,477.41
3.567,600,565.0,336.49,181.36,481.88
3.577,600,565.0,328.06,174.15,480.25
3.587,600,565.0,328.09,176.33,479.39
3.597,600,565.0,328.2,177.91,475.26
3.607,600,565.0,326.6,180.17,473.24
3.617,600,565.0,330.69,181.71,477.07
3.627,600,565.0,343.45,189.87,495.35
3.637,600,565.0,329.16,180.39,483.19
3.647,600,565.0,331.55,179.16,487.91
3.657,600,565.0,333.95,180.96,479.83
3.667,600,565.0,323.44,183.31,482.68
3.677,600,565.0,333.94,188.46,490.36
3.687,600,565.0,319.86,178.06,468.72
3.697,600,565.0,329.75,179.23,484.84
3.707,600,565.0,334.53,182.14,492.69
3.717,600,565.0,333.01,184.48,485.16
3.727,600,565.0,329.93,175.99,474.73
3.737,600,565.0,328.38,170.06,477.06
3.747,600,565.0,321.46,175.04,473.09
3.758,600,565.0,327.46,178.64,481.78
3.768,600,565.0,335.09,181.99,485.41
3.778,600,565.0,333.39,181.8,489.59
3.788,600,565.0,329.7,185.61,490.62
3.798,600,565.0,325.87,178.69,481.8
3.808,600,565.0,327.89,180.14,484.5
3.818,600,565.0,327.97,178.0,474.14
3.828,600,565.0,328.83,181.94,476.88
3.838,600,565.0,324.9,175.38,476.35
3.848,600,565.0,324.16,181.14,478.05
3.858,600,565.0,332.44,183.84,479.07
3.868,600,565.0,332.93,181.64,483.66
3.878,600,565.0,329.75,179.59,480.76
3.888,600,565.0,332.55,188.93,491.38
3.898,600,565.0,326.51,178.29,478.96
3.908,600,565.0,332.54,175.4,475.26
3.918,600,565.0,324.95,175.89,476.28
3.928,600,565.0,327.95,177.11,471.99
3.938,600,565.0,335.35,184.8,483.09
3.948,600,565.0,330.9,178.05,477.69
3.958,600,565.0,334.25,179.16,479.76
3.968,600,565.0,326.12,182.86,483.87
3.978,600,565.0,336.92,180.7,485.95
3.988,600,565.0,328.52,185.15,473.62
3.998,600,565.0,337.0,178.42,490.57
4.008,600,565.0,328.2,180.43,480.61
4.018,600,565.0,332.59,179.85,477.8
4.028,600,565.0,332.81,177.14,480.45
4.038,600,565.0,333.57,180.0,482.77
4.048,600,565.0,325.31,184.5,477.69
4.058,600,565.0,326.81,178.41,479.18
4.068,600,565.0,335.39,187.35,485.73
4.078,600,565.0,335.43,182.11,486.42
4.088,600,565.0,331.35,181.01,476.72
4.098,600,565.0,332.14,176.55,481.63
4.108,600,565.0,341.45,181.86,489.71
4.118,600,565.0,328.01,177.69,482.52
4.128,600,565.0,339.06,181.81,488.06
4.138,600,565.0,324.08,184.17,486.49
4.148,600,565.0,320.67,176.19,470.16
4.158,600,565.0,337.83,180.68,488.26
4.168,600,565.0,327.75,180.01,479.68
4.178,600,565.0,334.43,179.94,478.16
4.188,600,565.0,331.45,182.8,477.44
4.198,600,565.0,324.05,175.98,471.84
4.208,600,565.0,330.39,182.91,476.51
4.218,600,565.0,335.39,178.67,482.04
4.228,600,565.0,334.22,177.79,475.11
4.238,600,565.0,337.52,181.52,489.12
4.248,600,565.0,334.93,182.95,489.77
4.259,600,565.0,331.83,181.48,490.27
4.269,600,565.0,337.42,179.53,487.43
4.279,600,565.0,331.72,180.99,480.59
4.289,600,565.0,330.79,181.38,479.85
4.299,600,565.0,329.09,177.59,477.72
4.309,600,565.0,332.97,181.59,474.72
4.319,600,565.0,332.4,180.82,483.93
4.329,600,565.0,336.96,185.35,489.84
4.339,600,565.0,331.16,185.65,480.56
4.349,600,565.0,330.69,180.4,489.07
4.359,600,565.0,332.17,181.4,478.09
4.369,600,565.0,335.3,182.41,483.09
4.379,600,565.0,332.82,181.98,486.76
4.389,600,565.0,331.51,181.38,481.84
4.399,600,565.0,335.62,179.49,480.86
4.409,600,565.0,320.17,180.39,476.94
4.419,600,565.0,331.4,180.9,486.55
4.429,600,565.0,340.17,183.57,490.59
4.439,600,565.0,328.71,182.18,479.7
4.449,600,565.0,333.34,181.6,479.77
4.459,600,565.0,332.38,178.57,476.01
4.469,600,565.0,328.5,179.44,479.95
4.479,600,565.0,328.7,182.55,481.28
4.489,600,565.0,334.14,181.02,486.57
4.499,600,565.0,322.8,180.3,472.86
4.509,600,565.0,325.41,180.53,474.44
4.519,600,565.0,335.25,177.32,485.24
4.529,600,565.0,328.99,180.1,474.8
4.539,600,565.0,329.86,177.38,481.82
4.549,600,565.0,329.5,173.39,478.91
4.559,600,565.0,329.37,182.45,477.45
4.569,600,565.0,316.59,176.09,466.48
4.579,600,565.0,329.75,177.53,478.05
4.589,600,565.0,332.25,182.19,481.51
4.599,600,565.0,331.6,185.51,485.0
4.609,600,565.0,327.81,179.17,479.8
4.619,600,565.0,335.77,177.86,480.99
4.629,600,565.0,327.8,180.37,476.84
4.639,600,565.0,327.88,178.53,477.04
4.649,600,565.0,334.43,183.03,481.94
4.659,600,565.0,327.3,177.37,478.5
4.669,600,565.0,329.05,180.41,482.11
4.679,600,565.0,327.5,180.52,478.05
4.689,600,565.0,324.28,180.53,473.67
4.699,600,565.0,328.7,185.94,479.38
4.709,600,565.0,338.41,187.43,492.76
4.719,600,565.0,331.29,188.32,482.01
4.729,600,565.0,327.23,180.58,483.44
4.739,600,565.0,328.74,178.24,476.62
4.749,600,565.0,335.16,179.23,478.75
4.76,600,565.0,328.91,179.79,480.66
4.77,600,565.0,340.23,180.33,491.95
4.78,600,565.0,330.14,183.85,487.26
4.79,600,565.0,328.91,185.31,482.38
4.8,600,565.0,321.09,173.08,466.07
4.81,600,565.0,329.55,179.3,487.48
4.82,600,565.0,325.79,179.12,469.05
4.83,600,565.0,323.6,180.72,472.36
4.84,600,565.0,328.62,177.43,484.45
4.85,600,565.0,329.19,178.66,485.37
4.86,600,565.0,323.95,175.34,477.01
4.87,600,565.0,326.99,180.12,471.96
4.88,600,565.0,327.73,181.33,476.4
4.89,600,565.0,335.5,187.5,493.16
4.9,600,565.0,328.26,176.92,478.83
4.91,600,565.0,332.35,180.17,483.51
4.92,600,565.0,337.09,183.83,484.62
4.93,600,565.0,330.31,178.17,476.4
4.94,600,565.0,335.14,183.25,485.33
4.95,600,565.0,333.69,181.44,477.59
4.96,600,565.0,330.36,179.94,481.24
4.97,600,565.0,329.19,182.23,478.98
4.98,600,565.0,327.87,178.74,487.3
4.99,600,565.0,335.15,184.2,487.04
5.0,600,565.0,331.29,180.59,471.76
0.0,800,745.0,291.09,156.35,423.29
0.01,800,745.0,289.04,157.49,425.23
0.02,800,745.0,295.83,158.4,428.61
0.03,800,745.0,292.8,153.74,425.16
0.04,800,745.0,291.35,160.66,422.47
0.05,800,745.0,300.44,165.63,435.18
0.06,800,745.0,292.12,159.9,431.66
0.07,800,745.0,292.87,159.81,428.68
0.08,800,745.0,293.72,162.23,432.8
0.09,800,745.0,293.0,161.1,429.45
0.1,800,745.0,285.7,157.69,416.38
0.11,800,745.0,292.79,160.44,426.18
0.12,800,745.0,298.16,157.75,427.22
0.13,800,745.0,295.2,157.86,428.39
0.14,800,745.0,284.64,152.27,424.7
0.15,800,745.0,293.45,158.21,428.48
0.16,800,745.0,293.41,164.33,437.2
0.17,800,745.0,287.16,156.76,419.64
0.18,800,745.0,296.52,160.04,432.12
0.19,800,745.0,296.08,159.67,434.76
0.2,800,745.0,302.81,164.93,434.09
0.21,800,745.0,297.64,163.09,430.79
0.22,800,745.0,299.27,158.52,433.88
0.23,800,745.0,291.39,158.34,424.73
0.24,800,745.0,291.63,158.19,424.34
0.251,800,745.0,291.27,156.58,422.65
0.261,800,745.0,295.18,161.9,424.34
0.271,800,745.0,294.28,158.37,425.62
0.281,800,745.0,298.61,162.46,431.3
0.291,800,745.0,300.15,161.07,431.67
0.301,800,745.0,305.04,165.77,437.97
0.311,800,745.0,295.05,158.05,418.75
0.321,800,745.0,289.84,159.65,424.16
0.331,800,745.0,299.87,162.68,430.53
0.341,800,745.0,297.97,157.02,425.57
0.351,800,745.0,289.47,160.94,424.64
0.361,800,745.0,292.89,158.74,425.01
0.371,800,745.0,292.83,157.67,429.19
0.381,800,745.0,294.25,159.69,423.99
0.391,800,745.0,296.21,158.52,426.01
0.401,800,745.0,295.45,160.62,428.04
0.411,800,745.0,296.39,159.53,431.77
0.421,800,745.0,291.52,164.04,427.91
0.431,800,745.0,297.18,163.58,430.27
0.441,800,745.0,294.76,161.97,433.63
0.451,800,745.0,291.51,157.63,429.91
0.461,800,745.0,296.54,161.67,427.72
0.471,800,745.0,299.01,161.82,438.23
0.481,800,745.0,286.64,157.09,425.67
0.491,800,745.0,293.17,162.34,427.74
0.501,800,745.0,299.03,161.78,433.41
0.511,800,745.0,299.58,164.28,430.02
0.521,800,745.0,300.92,165.25,434.92
0.531,800,745.0,290.58,161.81,427.72
0.541,800,745.0,288.44,153.51,419.3
0.551,800,745.0,295.33,163.5,435.53
0.561,800,745.0,290.49,159.31,423.04
0.571,800,745.0,301.39,164.48,431.17
0.581,800,745.0,304.45,160.28,434.02
0.591,800,745.0,295.53,162.62,431.8
0.601,800,745.0,297.84,162.82,439.42
0.611,800,745.0,297.43,159.93,433.98
0.621,800,745.0,296.37,158.57,428.39
0.631,800,745.0,293.3,160.87,429.3
0.641,800,745.0,290.77,155.37,423.24
0.651,800,745.0,293.36,160.03,428.24
0.661,800,745.0,289.87,160.79,427.96
0.671,800,745.0,301.05,152.97,421.19
0.681,800,745.0,291.44,157.43,426.68
0.691,800,745.0,299.39,163.17,437.51
0.701,800,745.0,289.7,158.56,421.17
0.711,800,745.0,293.63,158.82,424.7
0.721,800,745.0,290.54,160.06,425.11
0.731,800,745.0,290.14,159.38,428.27
0.741,800,745.0,294.39,159.48,430.77
0.752,800,745.0,293.28,161.23,427.35
0.762,800,745.0,297.04,161.94,429.3
0.772,800,745.0,295.56,158.86,423.97
0.782,800,745.0,286.88,158.63,419.42
0.792,800,745.0,290.29,159.7,425.35
0.802,800,745.0,300.78,166.93,434.21
0.812,800,745.0,291.66,162.79,419.43
0.822,800,745.0,298.06,163.16,433.87
0.832,800,745.0,291.34,154.98,425.96
0.842,800,745.0,296.63,160.64,429.8
0.852,800,745.0,303.63,163.77,438.37
0.862,800,745.0,297.84,159.25,431.03
0.872,800,745.0,288.48,162.47,428.36
0.882,800,745.0,291.62,159.91,430.67
0.892,800,745.0,292.22,160.35,429.65
0.902,800,745.0,290.97,154.79,420.85
0.912,800,745.0,295.01,157.46,423.99
0.922,800,745.0,291.35,158.92,425.24
0.932,800,745.0,298.07,167.04,435.75
0.942,800,745.0,296.82,163.83,429.09
0.952,800,745.0,299.77,161.63,439.07
0.962,800,745.0,306.89,169.51,440.48
0.972,800,745.0,287.95,162.03,419.64
0.982,800,745.0,298.32,161.2,423.92
0.992,800,745.0,295.2,156.38,423.23
1.002,800,745.0,290.04,156.66,424.79
1.012,800,745.0,290.26,152.68,427.32
1.022,800,745.0,297.11,162.89,434.47
1.032,800,745.0,292.98,159.81,438.78
1.042,800,745.0,299.33,162.5,435.35
1.052,800,745.0,299.34,159.13,431.99
1.062,800,745.0,296.35,158.42,429.24
1.072,800,745.0,290.37,159.61,425.49
1.082,800,745.0,298.85,161.96,427.32
1.092,800,745.0,293.35,156.14,426.74
1.102,800,745.0,298.36,160.95,426.16
1.112,800,745.0,292.24,163.87,424.54
1.122,800,745.0,296.24,163.0,429.86
1.132,800,745.0,295.87,160.92,427.45
1.142,800,745.0,287.64,161.05,424.92
1.152,800,745.0,294.62,167.28,435.77
1.162,800,745.0,294.31,156.45,422.49
1.172,800,745.0,292.51,162.58,437.09
1.182,800,745.0,298.31,160.18,426.84
1.192,800,745.0,300.26,162.26,436.97
1.202,800,745.0,293.79,157.71,423.9
1.212,800,745.0,295.23,162.23,432.5
1.222,800,745.0,298.87,163.12,431.64
1.232,800,745.0,301.93,161.64,435.93
1.242,800,745.0,297.07,163.88,434.81
1.253,800,745.0,293.89,154.88,429.76
1.263,800,745.0,293.5,156.18,432.57
1.273,800,745.0,290.96,159.96,429.89
1.283,800,745.0,287.94,155.55,421.75
1.293,800,745.0,295.48,164.28,428.4
1.303,800,745.0,287.31,159.8,415.34
1.313,800,745.0,295.74,158.09,428.31
1.323,800,745.0,295.14,160.63,423.86
1.333,800,745.0,298.18,159.33,427.49
1.343,800,745.0,286.71,160.4,424.83
1.353,800,745.0,295.17,162.98,437.97
1.363,800,745.0,298.7,162.41,434.72
1.373,800,745.0,297.78,163.92,428.76
1.383,800,745.0,295.93,164.65,438.1
1.393,800,745.0,298.87,161.37,432.77
1.403,800,745.0,290.44,156.8,428.03
1.413,800,745.0,289.09,162.29,424.2
1.423,800,745.0,303.85,164.64,438.75
1.433,800,745.0,291.87,163.57,424.8
1.443,800,745.0,302.79,163.46,425.85
1.453,800,745.0,291.25,164.04,434.56
1.463,800,745.0,291.25,158.94,433.88
1.473,800,745.0,289.33,158.58,422.8
1.483,800,745.0,300.74,163.23,438.06
1.493,800,745.0,295.21,160.58,429.61
1.503,800,745.0,293.25,160.51,431.47
1.513,800,745.0,292.12,160.85,423.05
1.523,800,745.0,297.75,159.73,430.14
1.533,800,745.0,296.93,162.37,433.25
1.543,800,745.0,296.21,166.1,433.12
1.553,800,745.0,292.68,159.99,420.27
1.563,800,745.0,298.38,165.4,436.74
1.573,800,745.0,296.82,162.72,431.5
1.583,800,745.0,296.77,160.77,428.14
1.593,800,745.0,291.44,160.46,422.49
1.603,800,745.0,297.97,162.34,433.44
1.613,800,745.0,296.55,163.0,427.43
1.623,800,745.0,291.14,158.76,421.94
1.633,800,745.0,295.56,160.45,436.36
1.643,800,745.0,293.01,157.93,423.56
1.653,800,745.0,288.0,161.51,426.11
1.663,800,745.0,299.91,162.32,439.21
1.673,800,745.0,295.71,158.62,421.44
1.683,800,745.0,292.76,161.58,425.77
1.693,800,745.0,295.94,158.82,426.5
1.703,800,745.0,288.09,159.73,426.87
1.713,800,745.0,291.87,157.07,428.62
1.723,800,745.0,291.76,167.77,436.82
1.733,800,745.0,292.89,160.22,427.04
1.743,800,745.0,294.45,161.74,433.11
1.754,800,745.0,292.55,163.17,427.88
1.764,800,745.0,295.12,159.94,427.72
1.774,800,745.0,291.1,158.75,431.02
1.784,800,745.0,292.2,157.94,431.08
1.794,800,745.0,293.11,155.2,420.31
1.804,800,745.0,290.76,161.57,431.49
1.814,800,745.0,290.67,158.13,422.84
1.824,800,745.0,292.06,159.35,426.57
1.834,800,745.0,296.97,161.48,428.18
1.844,800,745.0,297.8,161.69,429.18
1.854,800,745.0,294.53,165.51,437.55
1.864,800,745.0,303.43,164.58,433.15
1.874,800,745.0,293.01,161.7,428.54
1.884,800,745.0,291.26,160.5,430.73
1.894,800,745.0,292.89,158.34,426.64
1.904,800,745.0,297.01,159.51,431.52
1.914,800,745.0,294.95,159.25,428.39
1.924,800,745.0,296.02,163.32,433.09
1.934,800,745.0,299.13,163.02,429.09
1.944,800,745.0,293.17,159.84,425.14
1.954,800,745.0,296.18,161.77,427.16
1.964,800,745.0,290.27,158.09,428.07
1.974,800,745.0,293.29,162.96,425.77
1.984,800,745.0,290.59,162.9,427.67
1.994,800,745.0,298.53,161.65,432.76
2.004,800,745.0,288.9,153.52,424.63
2.014,800,745.0,299.68,164.95,434.61
2.024,800,745.0,290.02,159.26,432.71
2.034,800,745.0,298.97,163.44,431.96
2.044,800,745.0,290.61,162.38,424.53
2.054,800,745.0,300.53,164.92,435.05
2.064,800,745.0,287.35,160.39,417.99
2.074,800,745.0,294.78,153.41,423.0
2.084,800,745.0,300.52,163.93,430.84
2.094,800,745.0,288.74,153.54,421.64
2.104,800,745.0,293.0,160.08,421.06
2.114,800,745.0,296.17,161.55,429.96
2.124,800,745.0,296.7,160.79,432.24
2.134,800,745.0,295.58,161.66,420.05
2.144,800,745.0,293.27,159.99,428.28
2.154,800,745.0,302.08,157.59,436.02
2.164,800,745.0,291.71,158.82,418.36
2.174,800,745.0,291.77,163.0,424.71
2.184,800,745.0,294.26,164.22,424.96
2.194,800,745.0,293.28,163.68,426.3
2.204,800,745.0,296.54,160.2,432.76
2.214,800,745.0,299.76,164.4,436.47
2.224,800,745.0,299.9,162.66,432.91
2.234,800,745.0,291.55,159.47,429.37
2.244,800,745.0,291.27,160.59,434.99
2.255,800,745.0,292.97,162.07,437.01
2.265,800,745.0,291.28,159.72,422.54
2.275,800,745.0,297.89,162.75,430.79
2.285,800,745.0,296.44,160.11,432.05
2.295,800,745.0,289.07,164.4,420.56
2.305,800,745.0,291.77,159.97,425.42
2.315,800,745.0,290.65,159.7,423.31
2.325,800,745.0,297.4,163.8,426.95
2.335,800,745.0,288.64,154.79,416.54
2.345,800,745.0,287.88,154.43,425.45
2.355,800,745.0,297.08,161.75,429.46
2.365,800,745.0,294.66,161.44,429.33
2.375,800,745.0,288.62,161.28,422.34
2.385,800,745.0,294.46,160.66,431.53
2.395,800,745.0,296.99,161.03,433.72
2.405,800,745.0,296.52,154.56,422.58
2.415,800,745.0,288.42,159.86,419.26
2.425,800,745.0,300.9,162.19,434.52
2.435,800,745.0,294.53,159.42,429.96
2.445,800,745.0,296.97,163.39,432.15
2.455,800,745.0,292.23,157.15,423.01
2.465,800,745.0,295.83,160.45,427.42
2.475,800,745.0,299.27,156.96,434.57
2.485,800,745.0,294.71,161.82,430.54
2.495,800,745.0,295.56,159.55,424.84
2.505,800,745.0,290.55,161.85,421.03
2.515,800,745.0,297.61,164.39,432.13
2.525,800,745.0,293.28,163.35,435.35
2.535,800,745.0,296.06,157.32,433.2
2.545,800,745.0,290.78,161.38,417.55
2.555,800,745.0,293.17,162.08,428.11
2.565,800,745.0,300.42,165.12,429.9
2.575,800,745.0,293.53,160.45,430.87
2.585,800,745.0,284.19,163.41,422.6
2.595,800,745.0,296.99,162.11,427.07
2.605,800,745.0,297.27,158.72,429.86
2.615,800,745.0,301.99,164.78,442.37
2.625,800,745.0,299.6,162.02,428.89
2.635,800,745.0,296.59,157.78,435.62
2.645,800,745.0,301.96,159.68,429.72
2.655,800,745.0,290.6,160.49,428.67
2.665,800,745.0,292.5,162.67,427.96
2.675,800,745.0,291.55,158.02,428.89
2.685,800,745.0,292.1,162.95,424.54
2.695,800,745.0,293.85,160.71,436.53
2.705,800,745.0,293.93,158.6,426.62
2.715,800,745.0,294.87,162.06,429.6
2.725,800,745.0,306.01,160.97,440.81
2.735,800,745.0,291.51,157.99,423.74
2.745,800,745.0,287.99,161.74,422.02
2.756,800,745.0,289.83,159.63,421.16
2.766,800,745.0,294.18,165.5,425.82
2.776,800,745.0,296.98,160.61,429.91
2.786,800,745.0,295.58,154.52,431.67
2.796,800,745.0,296.74,162.49,432.72
2.806,800,745.0,293.15,157.82,425.16
2.816,800,745.0,295.66,160.02,436.37
2.826,800,745.0,292.85,155.89,421.25
2.836,800,745.0,293.88,158.82,428.42
2.846,800,745.0,297.51,158.57,420.69
2.856,800,745.0,288.97,159.76,420.32
2.866,800,745.0,295.26,161.02,435.95
2.876,800,745.0,293.57,154.81,413.87
2.886,800,745.0,298.16,158.07,436.24
2.896,800,745.0,303.53,164.79,432.31
2.906,800,745.0,294.94,160.87,424.97
2.916,800,745.0,295.15,167.41,431.38
2.926,800,745.0,292.57,161.88,429.18
2.936,800,745.0,287.17,156.12,420.92
2.946,800,745.0,288.93,163.32,426.51
2.956,800,745.0,296.95,160.0,424.02
2.966,800,745.0,290.37,157.32,419.71
2.976,800,745.0,291.72,159.57,427.47
2.986,800,745.0,296.51,167.82,436.39
2.996,800,745.0,298.6,166.02,430.55
3.006,800,745.0,296.03,163.81,431.66
3.016,800,745.0,294.72,157.12,428.73
3.026,800,745.0,297.72,165.49,439.0
3.036,800,745.0,298.73,161.45,425.8
3.046,800,745.0,293.61,162.17,438.22
3.056,800,745.0,289.36,158.55,426.5
3.066,800,745.0,295.5,160.37,433.79
3.076,800,745.0,297.12,158.34,431.91
3.086,800,745.0,295.22,156.71,428.68
3.096,800,745.0,297.33,161.0,425.11
3.106,800,745.0,292.73,155.24,426.96
3.116,800,745.0,293.86,158.83,433.3
3.126,800,745.0,294.51,154.89,428.04
3.136,800,745.0,285.16,158.32,423.4
3.146,800,745.0,298.34,155.4,420.31
3.156,800,745.0,296.12,161.83,428.67
3.166,800,745.0,296.78,157.95,432.03
3.176,800,745.0,294.13,165.85,427.25
3.186,800,745.0,291.47,157.55,428.11
3.196,800,745.0,294.5,156.01,421.03
3.206,800,745.0,289.97,161.02,428.3
3.216,800,745.0,300.49,156.0,435.12
3.226,800,745.0,288.62,156.59,429.18
3.236,800,745.0,293.05,162.33,431.23
3.246,800,745.0,293.55,160.64,426.63
3.257,800,745.0,290.55,158.77,424.95
3.267,800,745.0,289.78,158.7,421.81
3.277,800,745.0,295.55,161.89,423.61
3.287,800,745.0,295.64,156.99,424.82
3.297,800,745.0,299.01,161.64,427.62
3.307,800,745.0,292.13,157.1,426.39
3.317,800,745.0,295.62,161.96,424.85
3.327,800,745.0,295.33,163.99,433.96
3.337,800,745.0,287.29,159.74,426.13
3.347,800,745.0,292.36,158.21,425.42
3.357,800,745.0,291.17,157.86,421.86
3.367,800,745.0,295.46,160.95,434.34
3.377,800,745.0,291.46,156.0,415.04
3.387,800,745.0,303.0,163.01,431.26
3.397,800,745.0,289.57,161.55,415.93
3.407,800,745.0,298.19,162.44,427.01
3.417,800,745.0,296.61,165.17,439.7
3.427,800,745.0,288.54,156.92,429.24
3.437,800,745.0,293.51,158.67,434.53
3.447,800,745.0,297.68,161.55,438.31
3.457,800,745.0,295.76,158.71,423.72
3.467,800,745.0,291.97,167.88,429.09
3.477,800,745.0,296.22,159.21,429.76
3.487,800,745.0,290.93,159.98,423.23
3.497,800,745.0,287.33,153.8,418.29
3.507,800,745.0,294.49,161.99,426.64
3.517,800,745.0,293.46,162.15,430.79
3.527,800,745.0,290.63,156.99,429.41
3.537,800,745.0,291.77,158.64,422.15
3.547,800,745.0,295.23,164.36,427.98
3.557,800,745.0,301.5,163.6,429.6
3.567,800,745.0,293.78,163.45,433.19
3.577,800,745.0,297.45,163.45,428.8
3.587,800,745.0,290.0,161.08,420.97
3.597,800,745.0,291.75,160.92,433.73
3.607,800,745.0,295.66,163.45,422.68
3.617,800,745.0,294.5,157.99,426.18
3.627,800,745.0,294.08,158.74,430.2
3.637,800,745.0,295.78,162.28,425.85
3.647,800,745.0,286.25,158.63,425.54
3.657,800,745.0,289.76,157.21,426.51
3.667,800,745.0,288.05,160.18,425.7
3.677,800,745.0,294.52,159.83,430.04
3.687,800,745.0,286.14,156.31,414.55
3.697,800,745.0,294.27,158.62,428.14
3.707,800,745.0,292.96,161.62,421.84
3.717,800,745.0,298.27,162.85,435.85
3.727,800,745.0,293.17,162.93,432.98
3.737,800,745.0,292.57,159.25,425.26
3.747,800,745.0,293.9,162.12,421.11
3.758,800,745.0,293.04,162.24,430.3
3.768,800,745.0,298.68,163.7,431.63
3.778,800,745.0,298.78,159.99,427.36
3.788,800,745.0,299.44,166.41,431.64
3.798,800,745.0,292.07,162.59,421.75
3.808,800,745.0,292.53,156.35,430.82
3.818,800,745.0,297.44,158.83,421.73
3.828,800,745.0,289.06,157.22,423.53
3.838,800,745.0,297.59,153.98,423.78
3.848,800,745.0,296.59,160.98,428.41
3.858,800,745.0,295.34,160.6,431.32
3.868,800,745.0,290.04,156.11,422.5
3.878,800,745.0,296.97,161.63,427.95
3.888,800,745.0,293.38,153.56,426.95
3.898,800,745.0,297.24,163.64,427.85
3.908,800,745.0,290.44,161.24,427.43
3.918,800,745.0,296.04,160.61,435.84
3.928,800,745.0,290.7,161.15,425.39
3.938,800,745.0,295.47,159.29,421.87
3.948,800,745.0,293.62,158.32,429.82
3.958,800,745.0,296.93,163.3,428.53
3.968,800,745.0,293.98,159.25,431.01
3.978,800,745.0,288.43,160.73,424.09
3.988,800,745.0,292.3,160.46,420.16
3.998,800,745.0,293.25,160.73,425.49
4.008,800,745.0,295.98,164.68,429.12
4.018,800,745.0,299.76,163.28,431.55
4.028,800,745.0,298.45,162.35,432.07
4.038,800,745.0,293.49,156.48,429.44
4.048,800,745.0,293.16,162.71,428.13
4.058,800,745.0,301.39,162.1,428.94
4.068,800,745.0,294.11,159.06,428.44
4.078,800,745.0,292.82,157.47,420.51
4.088,800,745.0,300.92,158.05,430.16
4.098,800,745.0,296.02,159.67,434.11
4.108,800,745.0,295.1,158.25,426.46
4.118,800,745.0,294.53,162.95,423.12
4.128,800,745.0,290.03,159.55,422.77
4.138,800,745.0,297.35,160.96,431.49
4.148,800,745.0,289.46,160.36,428.68
4.158,800,745.0,291.99,162.78,426.48
4.168,800,745.0,287.83,160.48,424.97
4.178,800,745.0,290.27,158.8,425.53
4.188,800,745.0,302.81,159.99,426.7
4.198,800,745.0,296.64,157.41,424.83
4.208,800,745.0,295.02,164.28,427.74
4.218,800,745.0,304.28,167.1,435.57
4.228,800,745.0,300.53,160.6,434.82
4.238,800,745.0,299.92,162.99,434.23
4.248,800,745.0,288.86,156.59,420.92
4.259,800,745.0,289.83,160.94,427.13
4.269,800,745.0,296.72,159.52,430.45
4.279,800,745.0,294.16,163.94,430.56
4.289,800,745.0,294.24,164.59,430.81
4.299,800,745.0,284.12,153.05,416.12
4.309,800,745.0,296.46,156.95,425.26
4.319,800,745.0,293.48,162.68,429.49
4.329,800,745.0,298.7,161.83,430.97
4.339,800,745.0,293.97,164.27,423.1
4.349,800,745.0,289.38,161.43,422.85
4.359,800,745.0,293.67,159.17,424.86
4.369,800,745.0,285.5,159.55,420.93
4.379,800,745.0,301.73,163.88,427.81
4.389,800,745.0,293.49,161.78,431.57
4.399,800,745.0,294.89,160.42,428.04
4.409,800,745.0,296.65,164.94,435.16
4.419,800,745.0,291.37,159.09,419.29
4.429,800,745.0,295.03,160.66,424.44
4.439,800,745.0,297.53,157.76,432.99
4.449,800,745.0,291.67,156.91,426.52
4.459,800,745.0,291.58,156.79,427.46
4.469,800,745.0,296.01,158.93,430.06
4.479,800,745.0,292.96,159.32,431.03
4.489,800,745.0,298.64,162.05,436.02
4.499,800,745.0,286.39,160.27,423.59
4.509,800,745.0,296.9,160.56,429.68
4.519,800,745.0,296.7,166.71,435.34
4.529,800,745.0,291.15,155.92,422.44
4.539,800,745.0,301.48,159.49,424.28
4.549,800,745.0,297.19,160.51,427.8
4.559,800,745.0,297.57,160.19,432.37
4.569,800,745.0,294.24,157.42,426.53
4.579,800,745.0,299.58,164.64,430.65
4.589,800,745.0,291.57,158.19,426.44
4.599,800,745.0,300.28,163.01,433.66
4.609,800,745.0,291.05,160.85,424.21
4.619,800,745.0,292.51,165.49,429.68
4.629,800,745.0,292.71,149.75,424.48
4.639,800,745.0,298.53,166.25,431.95
4.649,800,745.0,285.98,161.86,417.07
4.659,800,745.0,292.9,162.69,426.36
4.669,800,745.0,293.24,154.8,419.7
4.679,800,745.0,300.34,165.05,436.57
4.689,800,745.0,295.35,162.18,426.25
4.699,800,745.0,284.91,160.38,415.24
4.709,800,745.0,292.9,160.31,418.68
4.719,800,745.0,297.96,158.38,434.56
4.729,800,745.0,297.44,164.57,425.67
4.739,800,745.0,298.17,163.8,423.74
4.749,800,745.0,294.48,162.63,428.82
4.76,800,745.0,304.13,165.72,437.04
4.77,800,745.0,294.71,165.12,431.63
4.78,800,745.0,293.89,158.34,432.2
4.79,800,745.0,297.32,162.52,428.43
4.8,800,745.0,290.08,161.19,425.06
4.81,800,745.0,292.76,161.07,424.16
4.82,800,745.0,299.98,165.02,437.29
4.83,800,745.0,295.9,159.99,424.64
4.84,800,745.0,295.37,164.32,437.83
4.85,800,745.0,294.59,156.64,427.29
4.86,800,745.0,291.29,165.74,435.42
4.87,800,745.0,290.41,156.82,420.01
4.88,800,745.0,296.17,161.04,431.21
4.89,800,745.0,294.22,158.48,429.35
4.9,800,745.0,300.75,163.29,440.93
4.91,800,745.0,288.5,154.73,418.75
4.92,800,745.0,290.82,162.35,421.76
4.93,800,745.0,297.05,161.83,429.55
4.94,800,745.0,292.88,159.37,426.9
4.95,800,745.0,284.51,157.24,423.36
4.96,800,745.0,295.74,162.86,426.13
4.97,800,745.0,294.68,158.77,426.28
4.98,800,745.0,290.25,160.84,423.58
4.99,800,745.0,295.93,161.66,431.28
5.0,800,745.0,286.92,157.92,422.68
