fig,panel,overhang,feed,n,ap,actual,a_lim_M0,pred_M0,a_lim_ae1,pred_ae1,margin_ae1,a_lim_ae2,pred_ae2,margin_ae2,a_lim_ae4,pred_ae4,margin_ae4
Fig10,bot,35,x,3000.0,0.4,stable,2.2786460686205428,stable,20.0,stable,0.9800000000000001,20.0,stable,0.9800000000000001,20.0,stable,0.9800000000000001
Fig10,bot,35,x,12000.0,0.4,stable,20.0,stable,0.39069458693201947,chatter,0.023817614523540056,0.35162512823881753,chatter,0.1375751272483778,0.2930209401990146,chatter,0.36509015269805345
Fig10,bot,35,x,2990.0,0.2,stable,2.261890008492979,stable,20.0,stable,0.99,20.0,stable,0.99,20.0,stable,0.99
Fig10,bot,35,x,5980.0,0.4,chatter,9.765039202438432,stable,0.37813804667069295,chatter,0.05781474126126714,0.3403242420036237,chatter,0.17534971251251885,0.2836035350030197,chatter,0.41041965501502287
Fig10,bot,35,x,8000.0,0.4,chatter,17.665414726593372,stable,0.4877982741702945,stable,0.17998889872997653,0.43901844675326507,stable,0.08887655414441843,0.36584870562772087,chatter,0.09334813502669793
Fig10,bot,35,x,9990.0,0.4,chatter,20.0,stable,0.3868681495912306,chatter,0.033943994672719045,0.3481813346321076,chatter,0.14882666074746545,0.290151112193423,chatter,0.3785919928969586
Fig10,bot,35,x,14980.0,0.4,chatter,20.0,stable,0.38560365712465416,chatter,0.037334560005720975,0.3470432914121887,chatter,0.15259395556191235,0.28920274284349057,chatter,0.3831127466742949
Fig10,bot,35,x,15980.0,0.4,chatter,20.0,stable,0.514178432942958,stable,0.22205994189496603,0.46276058964866207,stable,0.1356221576610732,0.3856338247072184,chatter,0.03725341080671211
Fig10,bot,35,x,17970.0,0.4,chatter,20.0,stable,0.462852259636898,stable,0.13579335161117034,0.41656703367320824,stable,0.03977039067907821,0.3471391947276735,chatter,0.1522755311851062
Fig10,bot,35,x,12980.0,0.4,chatter,20.0,stable,0.3585678580381072,chatter,0.11554895686575893,0.32271107223429646,chatter,0.23949884096195445,0.2689258935285804,chatter,0.4873986091543454
Fig10,bot,35,x,5980.0,0.2,chatter,9.765039202438432,stable,0.37813804667069295,stable,0.4710926293693664,0.3403242420036237,stable,0.4123251437437406,0.2836035350030197,stable,0.29479017249248857
Fig10,bot,35,x,8000.0,0.2,chatter,17.665414726593372,stable,0.4877982741702945,stable,0.5899944493649882,0.43901844675326507,stable,0.5444382770722093,0.36584870562772087,stable,0.45332593248665104
Fig10,bot,35,x,9990.0,0.2,chatter,20.0,stable,0.3868681495912306,stable,0.4830280026636405,0.3481813346321076,stable,0.4255866696262673,0.290151112193423,stable,0.3107040035515207
Fig10,bot,35,x,11990.0,0.2,chatter,20.0,stable,0.3875024814256206,stable,0.4838742728454266,0.3487522332830585,stable,0.42652696982825167,0.2906268610692154,stable,0.31183236379390206
Fig10,bot,35,x,15980.0,0.2,chatter,20.0,stable,0.514178432942958,stable,0.611029970947483,0.46276058964866207,stable,0.5678110788305366,0.3856338247072184,stable,0.48137329459664396
Fig10,bot,35,x,17980.0,0.2,chatter,20.0,stable,0.4654768138480194,stable,0.5703330562340296,0.41892913246321745,stable,0.5225922847044774,0.34910761038601457,stable,0.4271107416453729
Fig10,bot,35,x,12980.0,0.2,chatter,20.0,stable,0.3585678580381072,stable,0.4422255215671205,0.32271107223429646,stable,0.38025057951902275,0.2689258935285804,stable,0.2563006954228273
Fig10,bot,35,x,14980.0,0.2,chatter,20.0,stable,0.38560365712465416,stable,0.4813327199971395,0.3470432914121887,stable,0.4237030222190438,0.28920274284349057,stable,0.3084436266628526
Fig10,top,35,x,3000.0,4.0,stable,2.2786460686205428,chatter,20.0,stable,0.8,20.0,stable,0.8,20.0,stable,0.8
Fig10,top,35,x,5990.0,4.0,stable,9.798526666122264,stable,0.3843447964616469,chatter,9.407321854815727,0.3459103168154822,chatter,10.563690949795253,0.28825859734623516,chatter,12.876429139754304
Fig10,top,35,x,7990.0,4.0,stable,17.62068067211949,stable,0.514178432942958,chatter,6.779400581050339,0.46276058964866207,chatter,7.643778423389267,0.3856338247072184,chatter,9.372534108067121
Fig10,top,35,x,9990.0,4.0,stable,20.0,stable,0.3868681495912306,chatter,9.33943994672719,0.3481813346321076,chatter,10.488266607474653,0.290151112193423,chatter,12.785919928969586
Fig10,top,35,x,3000.0,3.0,stable,2.2786460686205428,chatter,20.0,stable,0.85,20.0,stable,0.85,20.0,stable,0.85
Fig10,top,35,x,6000.0,3.0,stable,9.832070083413905,stable,0.39069458693201947,chatter,6.678632108926551,0.35162512823881753,chatter,7.531813454362833,0.2930209401990146,chatter,9.238176145235402
Fig10,top,35,x,8000.0,3.0,stable,17.665414726593372,stable,0.4877982741702945,chatter,5.150083259525175,0.43901844675326507,chatter,5.833425843916862,0.36584870562772087,chatter,7.200111012700234
Fig10,top,35,x,10000.0,3.0,stable,20.0,stable,0.39069458693201947,chatter,6.678632108926551,0.35162512823881753,chatter,7.531813454362833,0.2930209401990146,chatter,9.238176145235402
Fig10,top,35,x,3000.0,2.0,stable,2.2786460686205428,stable,20.0,stable,0.9,20.0,stable,0.9,20.0,stable,0.9
Fig10,top,35,x,5990.0,2.0,stable,9.798526666122264,stable,0.3843447964616469,chatter,4.203660927407864,0.3459103168154822,chatter,4.781845474897627,0.28825859734623516,chatter,5.938214569877152
Fig10,top,35,x,9990.0,2.0,stable,20.0,stable,0.3868681495912306,chatter,4.169719973363595,0.3481813346321076,chatter,4.744133303737327,0.290151112193423,chatter,5.892959964484793
Fig10,top,35,x,7990.0,2.0,stable,17.62068067211949,stable,0.514178432942958,chatter,2.8897002905251696,0.46276058964866207,chatter,3.3218892116946335,0.3856338247072184,chatter,4.186267054033561
Fig10,top,35,x,2990.0,1.0,stable,2.261890008492979,stable,20.0,stable,0.95,20.0,stable,0.95,20.0,stable,0.95
Fig10,top,35,x,5990.0,1.0,stable,9.798526666122264,stable,0.3843447964616469,chatter,1.6018304637039318,0.3459103168154822,chatter,1.8909227374488131,0.28825859734623516,chatter,2.469107284938576
Fig10,top,35,x,11990.0,4.0,chatter,20.0,stable,0.3875024814256206,chatter,9.322514543091467,0.3487522332830585,chatter,10.469460603434966,0.2906268610692154,chatter,12.763352724121958
Fig10,top,35,x,17960.0,3.0,chatter,20.0,stable,0.4602488861939748,chatter,5.518212406353617,0.4142239975745774,chatter,6.2424582292817945,0.34518666464548114,chatter,7.690949875138153
Fig10,top,35,x,11990.0,3.0,chatter,20.0,stable,0.3875024814256206,chatter,6.741885907318601,0.3487522332830585,chatter,7.602095452576225,0.2906268610692154,chatter,9.322514543091469
Fig10,top,35,x,12980.0,3.0,chatter,20.0,stable,0.3585678580381072,chatter,7.366617176493192,0.32271107223429646,chatter,8.29624130721466,0.2689258935285804,chatter,10.15548956865759
Fig10,top,35,x,14980.0,3.0,chatter,20.0,stable,0.38560365712465416,chatter,6.780009200042907,0.3470432914121887,chatter,7.644454666714342,0.28920274284349057,chatter,9.373345600057212
Fig10,top,35,x,15980.0,3.0,chatter,20.0,stable,0.514178432942958,chatter,4.8345504357877545,0.46276058964866207,chatter,5.48283381754195,0.3856338247072184,chatter,6.77940058105034
Fig10,top,35,x,11980.0,2.0,chatter,20.0,stable,0.3843447964616469,chatter,4.203660927407864,0.3459103168154822,chatter,4.781845474897627,0.28825859734623516,chatter,5.938214569877152
Fig10,top,35,x,12980.0,2.0,chatter,20.0,stable,0.3585678580381072,chatter,4.577744784328795,0.32271107223429646,chatter,5.197494204809772,0.2689258935285804,chatter,6.436993045771727
Fig10,top,35,x,14970.0,2.0,chatter,20.0,stable,0.3830916535115702,chatter,4.220682783525054,0.34478248816041324,chatter,4.80075864836117,0.28731874013367764,chatter,5.9609103780334065
Fig10,top,35,x,15980.0,2.0,chatter,20.0,stable,0.514178432942958,chatter,2.8897002905251696,0.46276058964866207,chatter,3.3218892116946335,0.3856338247072184,chatter,4.186267054033561
Fig10,top,35,x,17970.0,2.0,chatter,20.0,stable,0.462852259636898,chatter,3.321033241944148,0.41656703367320824,chatter,3.8011480466046086,0.3471391947276735,chatter,4.761377655925531
Fig10,top,35,x,7990.0,1.0,chatter,17.62068067211949,stable,0.514178432942958,chatter,0.9448501452625848,0.46276058964866207,chatter,1.160944605847317,0.3856338247072184,chatter,1.5931335270167801
Fig10,top,35,x,9980.0,1.0,chatter,20.0,stable,0.3830916535115702,chatter,1.610341391762527,0.34478248816041324,chatter,1.9003793241805853,0.28731874013367764,chatter,2.4804551890167033
Fig10,top,35,x,11980.0,1.0,chatter,20.0,stable,0.3843447964616469,chatter,1.6018304637039318,0.3459103168154822,chatter,1.8909227374488131,0.28825859734623516,chatter,2.469107284938576
Fig10,top,35,x,15980.0,1.0,chatter,20.0,stable,0.514178432942958,chatter,0.9448501452625848,0.46276058964866207,chatter,1.160944605847317,0.3856338247072184,chatter,1.5931335270167801
Fig10,top,35,x,17970.0,1.0,chatter,20.0,stable,0.462852259636898,chatter,1.160516620972074,0.41656703367320824,chatter,1.4005740233023043,0.3471391947276735,chatter,1.8806888279627654
Fig10,top,35,x,12980.0,1.0,chatter,20.0,stable,0.3585678580381072,chatter,1.7888723921643972,0.32271107223429646,chatter,2.098747102404886,0.2689258935285804,chatter,2.7184965228858635
Fig10,top,35,x,14970.0,1.0,chatter,20.0,stable,0.3830916535115702,chatter,1.610341391762527,0.34478248816041324,chatter,1.9003793241805853,0.28731874013367764,chatter,2.4804551890167033
Fig15,bot,65,x,11960.0,0.2,chatter,20.0,stable,0.10179922807523145,chatter,0.9646514397161875,0.1,chatter,1.0,0.1,chatter,1.0
Fig15,bot,65,x,2990.0,0.2,chatter,2.261890008492979,stable,0.11931887028484829,chatter,0.6761808046165939,0.10738698325636346,chatter,0.8624231162406599,0.1,chatter,1.0
Fig15,bot,65,x,4740.0,0.2,chatter,6.046237183575081,stable,0.1,chatter,1.0,0.1,chatter,1.0,0.1,chatter,1.0
Fig15,bot,65,x,5980.0,0.2,chatter,9.765039202438432,stable,0.10179922807523145,chatter,0.9646514397161875,0.1,chatter,1.0,0.1,chatter,1.0
Fig15,bot,65,x,6980.0,0.2,chatter,13.390755031939138,stable,0.11975286328863093,chatter,0.6701062046254018,0.10777757695976783,chatter,0.8556735606948909,0.1,chatter,1.0
Fig15,bot,65,x,7990.0,0.2,chatter,17.62068067211949,stable,0.10405238474832114,chatter,0.9221087578507129,0.1,chatter,1.0,0.1,chatter,1.0
Fig15,bot,65,x,9960.0,0.2,chatter,20.0,stable,0.13199198358272143,chatter,0.5152435365489972,0.11879278522444928,chatter,0.683603929498886,0.1,chatter,1.0
Fig15,bot,65,x,15970.0,0.2,chatter,20.0,stable,0.10337282310733321,chatter,0.9347444907481889,0.1,chatter,1.0,0.1,chatter,1.0
Fig15,bot,65,x,17960.0,0.2,chatter,20.0,stable,0.24676192256478158,stable,0.18950218120668644,0.22208573030830342,stable,0.09944686800742938,0.18507144192358618,chatter,0.08066375839108475
Fig15,bot,65,x,5980.0,0.1,chatter,9.765039202438432,stable,0.10179922807523145,stable,0.017674280141906227,0.1,chatter,0.0,0.1,chatter,0.0
Fig15,bot,65,x,3000.0,0.1,chatter,2.2786460686205428,stable,0.12242266696468673,stable,0.18315780500970974,0.11018040026821806,stable,0.09239756112189969,0.1,chatter,0.0
Fig15,bot,65,x,4750.0,0.1,chatter,6.072786319437175,stable,0.1,chatter,0.0,0.1,chatter,0.0,0.1,chatter,0.0
Fig15,bot,65,x,6990.0,0.1,chatter,13.429837830607685,stable,0.12107400898313947,stable,0.17405890132930338,0.10896660808482553,stable,0.08228766814367047,0.1,chatter,0.0
Fig15,bot,65,x,8000.0,0.1,chatter,17.665414726593372,stable,0.10542043464301934,stable,0.05141730501656835,0.1,chatter,0.0,0.1,chatter,0.0
Fig15,bot,65,x,9980.0,0.1,chatter,20.0,stable,0.1246471006592178,stable,0.19773504982360066,0.11218239059329602,stable,0.10859449980400067,0.1,chatter,0.0
Fig15,bot,65,x,11990.0,0.1,chatter,20.0,stable,0.10450709534994082,stable,0.04312717079016365,0.1,chatter,0.0,0.1,chatter,0.0
Fig15,bot,65,x,15990.0,0.1,chatter,20.0,stable,0.10473494404262605,stable,0.04520882773087626,0.1,chatter,0.0,0.1,chatter,0.0
Fig15,bot,65,x,17970.0,0.1,chatter,20.0,stable,0.24839592734348595,stable,0.597416909892736,0.22355633460913735,stable,0.5526854554363734,0.18629694550761447,stable,0.463222546523648
Fig15,top,65,x,4740.0,3.2,chatter,6.046237183575081,stable,0.1,chatter,31.0,0.1,chatter,31.0,0.1,chatter,31.0
Fig15,top,65,x,6970.0,3.2,chatter,13.351728186422054,stable,0.1184608443216773,chatter,26.01314529981303,0.10661475988950957,chatter,29.014605888681146,0.1,chatter,31.0
Fig15,top,65,x,2990.0,3.2,chatter,2.261890008492979,chatter,0.11931887028484829,chatter,25.8188928738655,0.10738698325636346,chatter,28.79876985985056,0.1,chatter,31.0
Fig15,top,65,x,5970.0,3.2,chatter,9.731607692369192,stable,0.10002247979818474,chatter,30.992808081309693,0.1,chatter,31.0,0.1,chatter,31.0
Fig15,top,65,x,7990.0,3.2,chatter,17.62068067211949,stable,0.10405238474832114,chatter,29.753740125611408,0.1,chatter,31.0,0.1,chatter,31.0
Fig15,top,65,x,9970.0,3.2,chatter,20.0,stable,0.12808013240228922,chatter,23.98435893202438,0.11527211916206032,chatter,26.76039881336042,0.1,chatter,31.0
Fig15,top,65,x,4740.0,2.0,chatter,6.046237183575081,stable,0.1,chatter,18.999999999999996,0.1,chatter,18.999999999999996,0.1,chatter,18.999999999999996
Fig15,top,65,x,5970.0,2.0,chatter,9.731607692369192,stable,0.10002247979818474,chatter,18.995505050818558,0.1,chatter,18.999999999999996,0.1,chatter,18.999999999999996
Fig15,top,65,x,6980.0,2.0,chatter,13.390755031939138,stable,0.11975286328863093,chatter,15.701062046254018,0.10777757695976783,chatter,17.55673560694891,0.1,chatter,18.999999999999996
Fig15,top,65,x,9950.0,2.0,chatter,20.0,stable,0.13646010186304958,chatter,13.656298600796783,0.12281409167674463,chatter,15.284776223107535,0.1023450763972872,chatter,18.54173146772904
Fig15,top,65,x,11970.0,2.0,chatter,20.0,stable,0.1026963279151315,chatter,18.47489302297941,0.1,chatter,18.999999999999996,0.1,chatter,18.999999999999996
Fig15,top,65,x,15970.0,2.0,chatter,20.0,stable,0.10337282310733321,chatter,18.347444907481886,0.1,chatter,18.999999999999996,0.1,chatter,18.999999999999996
Fig15,top,65,x,17960.0,2.0,chatter,20.0,stable,0.24676192256478158,chatter,7.104978187933135,0.22208573030830342,chatter,8.005531319925705,0.18507144192358618,chatter,9.806637583910847
Fig15,top,65,x,2990.0,2.0,chatter,2.261890008492979,stable,0.11931887028484829,chatter,15.761808046165939,0.10738698325636346,chatter,17.6242311624066,0.1,chatter,18.999999999999996
Fig15,top,65,x,7980.0,2.0,chatter,17.576002570577273,stable,0.1026963279151315,chatter,18.47489302297941,0.1,chatter,18.999999999999996,0.1,chatter,18.999999999999996
Fig15,top,65,x,4740.0,1.2,chatter,6.046237183575081,stable,0.1,chatter,10.999999999999998,0.1,chatter,10.999999999999998,0.1,chatter,10.999999999999998
Fig15,top,65,x,5970.0,1.1,chatter,9.731607692369192,stable,0.10002247979818474,chatter,9.997527777950207,0.1,chatter,10.0,0.1,chatter,10.0
Fig15,top,65,x,6980.0,1.1,chatter,13.390755031939138,stable,0.11975286328863093,chatter,8.18558412543971,0.10777757695976783,chatter,9.2062045838219,0.1,chatter,10.0
Fig15,top,65,x,9960.0,1.1,chatter,20.0,stable,0.13199198358272143,chatter,7.333839451019485,0.11879278522444928,chatter,8.259821612243874,0.1,chatter,10.0
Fig15,top,65,x,11970.0,1.1,chatter,20.0,stable,0.1026963279151315,chatter,9.711191162638675,0.1,chatter,10.0,0.1,chatter,10.0
Fig15,top,65,x,15970.0,1.1,chatter,20.0,stable,0.10337282310733321,chatter,9.641094699115039,0.1,chatter,10.0,0.1,chatter,10.0
Fig15,top,65,x,17960.0,1.1,chatter,20.0,stable,0.24676192256478158,chatter,3.457738003363225,0.22208573030830342,chatter,3.9530422259591385,0.18507144192358618,chatter,4.943650671150967
Fig15,top,65,x,2990.0,1.1,chatter,2.261890008492979,stable,0.11931887028484829,chatter,8.218994425391267,0.10738698325636346,chatter,9.24332713932363,0.1,chatter,10.0
Fig15,top,65,x,7980.0,1.1,chatter,17.576002570577273,stable,0.1026963279151315,chatter,9.711191162638675,0.1,chatter,10.0,0.1,chatter,10.0
Fig15,top,65,x,4750.0,0.3,chatter,6.072786319437175,stable,0.1,chatter,1.9999999999999998,0.1,chatter,1.9999999999999998,0.1,chatter,1.9999999999999998
Fig15,top,65,x,2990.0,0.3,chatter,2.261890008492979,stable,0.11931887028484829,chatter,1.5142712069248907,0.10738698325636346,chatter,1.7936346743609894,0.1,chatter,1.9999999999999998
Fig15,top,65,x,5970.0,0.3,chatter,9.731607692369192,stable,0.10002247979818474,chatter,1.9993257576227834,0.1,chatter,1.9999999999999998,0.1,chatter,1.9999999999999998
Fig15,top,65,x,6970.0,0.3,chatter,13.351728186422054,stable,0.1184608443216773,chatter,1.5324823718574712,0.10661475988950957,chatter,1.813869302063857,0.1,chatter,1.9999999999999998
Fig15,top,65,x,7980.0,0.3,chatter,17.576002570577273,stable,0.1026963279151315,chatter,1.9212339534469112,0.1,chatter,1.9999999999999998,0.1,chatter,1.9999999999999998
Fig15,top,65,x,9960.0,0.3,chatter,20.0,stable,0.13199198358272143,chatter,1.2728653048234957,0.11879278522444928,chatter,1.5254058942483288,0.1,chatter,1.9999999999999998
Fig15,top,65,x,11970.0,0.3,chatter,20.0,stable,0.1026963279151315,chatter,1.9212339534469112,0.1,chatter,1.9999999999999998,0.1,chatter,1.9999999999999998
Fig15,top,65,x,15970.0,0.3,chatter,20.0,stable,0.10337282310733321,chatter,1.9021167361222833,0.1,chatter,1.9999999999999998,0.1,chatter,1.9999999999999998
Fig15,top,65,x,17960.0,0.3,chatter,20.0,stable,0.24676192256478158,chatter,0.21574672818997023,0.22208573030830342,chatter,0.3508296979888558,0.18507144192358618,chatter,0.620995637586627
Fig18,bot,65,y,2990.0,0.2,stable,2.261890008492979,stable,0.16998969581732365,chatter,0.17654190178048434,0.1529907262355913,chatter,0.3072687797560937,0.12749227186299275,chatter,0.5687225357073122
Fig18,bot,65,y,4750.0,0.2,stable,6.072786319437175,stable,0.1,chatter,1.0,0.1,chatter,1.0,0.1,chatter,1.0
Fig18,bot,65,y,6000.0,0.2,stable,9.832070083413905,stable,0.11301330442401808,chatter,0.7697031426460541,0.10171197398161629,chatter,0.9663368251622821,0.1,chatter,1.0
Fig18,bot,65,y,6990.0,0.2,stable,13.429837830607685,stable,0.13741390591848138,chatter,0.4554567724655672,0.12367251532663324,chatter,0.6171741916284079,0.10306042943886104,chatter,0.9406090299540895
Fig18,bot,65,y,17980.0,0.2,stable,20.0,stable,0.2813083770263175,stable,0.2890364584440042,0.25317753932368575,stable,0.2100405093822269,0.2109812827697381,stable,0.052048611258672176
Fig18,bot,65,y,4750.0,0.1,stable,6.072786319437175,stable,0.1,chatter,0.0,0.1,chatter,0.0,0.1,chatter,0.0
Fig18,bot,65,y,6990.0,0.1,stable,13.429837830607685,stable,0.13741390591848138,stable,0.27227161376721637,0.12367251532663324,stable,0.191412904185796,0.10306042943886104,stable,0.02969548502295525
Fig18,bot,65,y,9990.0,0.1,stable,20.0,stable,0.1651852551624018,stable,0.39461909053756,0.14866672964616162,stable,0.3273545450417334,0.12388894137180134,stable,0.19282545405008
Fig18,bot,65,y,17970.0,0.1,stable,20.0,stable,0.28039613674285346,stable,0.643361705472753,0.25235652306856815,stable,0.6037352283030589,0.2102971025571401,stable,0.5244822739636706
Fig18,bot,65,y,8010.0,0.2,chatter,17.71020473399738,stable,0.11455566672791496,chatter,0.7458760942400761,0.10310010005512345,chatter,0.9398623269334182,0.1,chatter,1.0
Fig18,bot,65,y,10000.0,0.2,chatter,20.0,stable,0.166569789000974,chatter,0.20069792487298244,0.1499128101008766,chatter,0.33410880541442495,0.12492734175073049,chatter,0.60093056649731
Fig18,bot,65,y,11990.0,0.2,chatter,20.0,stable,0.11198782203824782,chatter,0.7859084707593733,0.10078903983442304,chatter,0.9843427452881925,0.1,chatter,1.0
Fig18,bot,65,y,15990.0,0.2,chatter,20.0,stable,0.11224398296333409,chatter,0.7818327069285534,0.10101958466700067,chatter,0.979814118809504,0.1,chatter,1.0
Fig18,bot,65,y,5990.0,0.1,chatter,9.798526666122264,stable,0.110964592929081,stable,0.0988116356727286,0.1,chatter,0.0,0.1,chatter,0.0
Fig18,bot,65,y,2990.0,0.1,chatter,2.261890008492979,stable,0.16998969581732365,stable,0.4117290491097578,0.1529907262355913,stable,0.34636561012195316,0.12749227186299275,stable,0.21563873214634385
Fig18,bot,65,y,7990.0,0.1,chatter,17.62068067211949,stable,0.11147592328775535,stable,0.10294530827192418,0.10032833095897983,stable,0.0032725647465825874,0.1,chatter,0.0
Fig18,bot,65,y,11990.0,0.1,chatter,20.0,stable,0.11198782203824782,stable,0.10704576462031336,0.10078903983442304,stable,0.00782862735590374,0.1,chatter,0.0
Fig18,bot,65,y,15990.0,0.1,chatter,20.0,stable,0.11224398296333409,stable,0.10908364653572326,0.10101958466700067,stable,0.010092940595248035,0.1,chatter,0.0
Fig18,top,65,y,2990.0,0.3,stable,2.261890008492979,stable,0.16998969581732365,chatter,0.7648128526707263,0.1529907262355913,chatter,0.9609031696341404,0.12749227186299275,chatter,1.3530838035609682
Fig18,top,65,y,2990.0,3.2,chatter,2.261890008492979,chatter,0.16998969581732365,chatter,17.82467042848775,0.1529907262355913,chatter,19.9163004760975,0.12749227186299275,chatter,24.099560571316996
Fig18,top,65,y,4760.0,3.2,chatter,6.099391410516809,stable,0.1,chatter,31.0,0.1,chatter,31.0,0.1,chatter,31.0
Fig18,top,65,y,5990.0,3.2,chatter,9.798526666122264,stable,0.110964592929081,chatter,27.838027658472683,0.1,chatter,31.0,0.1,chatter,31.0
Fig18,top,65,y,7000.0,3.2,chatter,13.468976582424666,stable,0.13928898309745316,chatter,21.973819815750456,0.12536008478770783,chatter,24.52646646194496,0.10446673732308986,chatter,29.631759754333945
Fig18,top,65,y,7990.0,3.2,chatter,17.62068067211949,stable,0.11147592328775535,chatter,27.705750135298427,0.10032833095897983,chatter,30.895277928109355,0.1,chatter,31.0
Fig18,top,65,y,9980.0,3.2,chatter,20.0,stable,0.16380276698346877,chatter,18.535689530341994,0.1474224902851219,chatter,20.706321700379995,0.12285207523760155,chatter,25.047586040455997
Fig18,top,65,y,2990.0,2.0,chatter,2.261890008492979,stable,0.16998969581732365,chatter,10.765419017804842,0.1529907262355913,chatter,12.072687797560937,0.12749227186299275,chatter,14.687225357073123
Fig18,top,65,y,4760.0,2.0,chatter,6.099391410516809,stable,0.1,chatter,18.999999999999996,0.1,chatter,18.999999999999996,0.1,chatter,18.999999999999996
Fig18,top,65,y,5990.0,2.0,chatter,9.798526666122264,stable,0.110964592929081,chatter,17.023767286545425,0.1,chatter,18.999999999999996,0.1,chatter,18.999999999999996
Fig18,top,65,y,6990.0,2.0,chatter,13.429837830607685,stable,0.13741390591848138,chatter,13.554567724655671,0.12367251532663324,chatter,15.171741916284079,0.10306042943886104,chatter,18.406090299540892
Fig18,top,65,y,9960.0,2.0,chatter,20.0,stable,0.16104399177300283,chatter,11.418966879677637,0.14493959259570252,chatter,12.79885208853071,0.12078299382975212,chatter,15.55862250623685
Fig18,top,65,y,11990.0,2.0,chatter,20.0,stable,0.11198782203824782,chatter,16.859084707593734,0.10078903983442304,chatter,18.843427452881922,0.1,chatter,18.999999999999996
Fig18,top,65,y,15980.0,2.0,chatter,20.0,stable,0.11147592328775535,chatter,16.941093834561517,0.10032833095897983,chatter,18.934548705068348,0.1,chatter,18.999999999999996
Fig18,top,65,y,17980.0,2.0,chatter,20.0,stable,0.2813083770263175,chatter,6.109635415559958,0.25317753932368575,chatter,6.899594906177731,0.2109812827697381,chatter,8.479513887413278
Fig18,top,65,y,7990.0,2.0,chatter,17.62068067211949,stable,0.11147592328775535,chatter,16.941093834561517,0.10032833095897983,chatter,18.934548705068348,0.1,chatter,18.999999999999996
Fig18,top,65,y,3000.0,1.1,chatter,2.2786460686205428,stable,0.17245179499886912,chatter,5.378594087740366,0.15520661549898224,chatter,6.087326764155961,0.12933884624915187,chatter,7.5047921169871525
Fig18,top,65,y,4740.0,1.2,chatter,6.046237183575081,stable,0.1,chatter,10.999999999999998,0.1,chatter,10.999999999999998,0.1,chatter,10.999999999999998
Fig18,top,65,y,5980.0,1.1,chatter,9.765039202438432,stable,0.1089250610582038,chatter,9.098686099539739,0.1,chatter,10.0,0.1,chatter,10.0
Fig18,top,65,y,6980.0,1.2,chatter,13.390755031939138,stable,0.13554375799511306,chatter,7.85322952343748,0.12198938219560175,chatter,8.836921692708312,0.10165781849633479,chatter,10.804306031249974
Fig18,top,65,y,7980.0,1.1,chatter,17.576002570577273,stable,0.10994365830026907,chatter,9.005124597507667,0.1,chatter,10.0,0.1,chatter,10.0
Fig18,top,65,y,9960.0,1.1,chatter,20.0,stable,0.16104399177300283,chatter,5.830431783822701,0.14493959259570252,chatter,6.589368648691891,0.12078299382975212,chatter,8.107242378430268
Fig18,top,65,y,11970.0,1.2,chatter,20.0,stable,0.10994365830026907,chatter,9.914681379099271,0.1,chatter,10.999999999999998,0.1,chatter,10.999999999999998
Fig18,top,65,y,15970.0,1.1,chatter,20.0,stable,0.11070914251807604,chatter,8.935945442088467,0.1,chatter,10.0,0.1,chatter,10.0
Fig18,top,65,y,17960.0,1.1,chatter,20.0,stable,0.27948445727069304,chatter,2.9358181515425077,0.25153601154362376,chatter,3.3731312794916746,0.20961334295301978,chatter,4.2477575353900106
Fig18,top,65,y,4760.0,0.3,chatter,6.099391410516809,stable,0.1,chatter,1.9999999999999998,0.1,chatter,1.9999999999999998,0.1,chatter,1.9999999999999998
Fig18,top,65,y,5990.0,0.3,chatter,9.798526666122264,stable,0.110964592929081,chatter,1.7035650929818138,0.1,chatter,1.9999999999999998,0.1,chatter,1.9999999999999998
Fig18,top,65,y,6990.0,0.3,chatter,13.429837830607685,stable,0.13741390591848138,chatter,1.1831851586983506,0.12367251532663324,chatter,1.4257612874426115,0.10306042943886104,chatter,1.910913544931134
Fig18,top,65,y,11990.0,0.3,chatter,20.0,stable,0.11198782203824782,chatter,1.6788627061390597,0.10078903983442304,chatter,1.9765141179322883,0.1,chatter,1.9999999999999998
Fig18,top,65,y,15990.0,0.3,chatter,20.0,stable,0.11224398296333409,chatter,1.67274906039283,0.10101958466700067,chatter,1.9697211782142556,0.1,chatter,1.9999999999999998
Fig18,top,65,y,7990.0,0.3,chatter,17.62068067211949,stable,0.11147592328775535,chatter,1.6911640751842272,0.10032833095897983,chatter,1.990182305760252,0.1,chatter,1.9999999999999998
Fig18,top,65,y,9970.0,0.3,chatter,20.0,stable,0.1624223403699273,chatter,0.8470365549266852,0.14618010633293457,chatter,1.052262838807428,0.12181675527744547,chatter,1.4627154065689139
Fig18,top,65,y,17980.0,0.3,chatter,20.0,stable,0.2813083770263175,chatter,0.06644531233399356,0.25317753932368575,chatter,0.1849392359266595,0.2109812827697381,chatter,0.4219270831119916
