n,f,ap,ae,H,D,z,chatter_label
0.4,0.20000000298023224,0.5,1.0,0.18334999084472656,0.5,0.6666666666666666,0.00864841315762908
0.4,0.20000000298023224,0.5,1.0,0.18334999084472656,0.5,0.6666666666666666,0.007503067149938869
0.4,0.20000000298023224,0.5,1.0,0.18334999084472656,0.5,0.6666666666666666,0.0006758515401839901
0.4,0.20000000298023224,0.5,1.0,0.18334999084472656,0.5,0.6666666666666666,0.0011017461638893116
0.4,0.20000000298023224,0.5,1.0,0.18334999084472656,0.5,0.6666666666666666,0.004911664448974439
0.4,0.20000000298023224,0.5,1.0,0.18334999084472656,0.5,0.6666666666666666,0.0010921052574538325
0.4,0.20000000298023224,0.5,1.0,0.18334999084472656,0.5,0.6666666666666666,0.002344078195649658
0.4,0.20000000298023224,0.5,1.0,0.18334999084472656,0.5,0.6666666666666666,0.005084469892070982
0.4,0.20000000298023224,0.5,1.0,0.18334999084472656,0.5,0.6666666666666666,0.006643189042705804
0.4,0.20000000298023224,0.5,1.0,0.18334999084472656,0.5,0.6666666666666666,0.0063167848156376475
0.4,0.20000000298023224,0.5,1.0,0.18334999084472656,0.5,0.6666666666666666,0.005645407755216438
0.4,0.20000000298023224,0.5,1.0,0.18334999084472656,0.5,0.6666666666666666,0.00616959313320228
0.4,0.20000000298023224,0.5,1.0,0.18334999084472656,0.5,0.6666666666666666,0.004735400866440391
0.4,0.20000000298023224,0.5,1.0,0.18334999084472656,0.5,0.6666666666666666,0.004109755744752251
0.4,0.20000000298023224,0.5,1.0,0.18334999084472656,0.5,0.6666666666666666,0.006421249826397947
0.4,0.20000000298023224,0.5,1.0,0.18334999084472656,0.5,0.6666666666666666,0.006453124997199553
0.4,0.20000000298023224,0.5,1.0,0.18334999084472656,0.5,0.6666666666666666,0.005295618156604446
0.4,0.20000000298023224,0.5,1.0,0.18334999084472656,0.5,0.6666666666666666,0.0004422720444779525
0.4,0.20000000298023224,0.5,1.0,0.18334999084472656,0.5,0.6666666666666666,0.00031108037316613166
0.4,0.20000000298023224,0.5,1.0,0.18334999084472656,0.5,0.6666666666666666,0.004441097501489313
0.4,0.20000000298023224,0.5,1.0,0.18334999084472656,0.5,0.6666666666666666,0.0029135930651173034
0.4,0.20000000298023224,0.5,1.0,0.18334999084472656,0.5,0.6666666666666666,0.0039017188932602372
0.4,0.20000000298023224,0.5,1.0,0.18334999084472656,0.5,0.6666666666666666,0.004067249931955429
0.4,0.20000000298023224,0.5,1.0,0.18334999084472656,0.5,0.6666666666666666,0.002391651794345723
0.4,0.20000000298023224,0.5,1.0,0.18334999084472656,0.5,0.6666666666666666,0.002707391391549193
0.4,0.20000000298023224,0.5,1.0,0.18334999084472656,0.5,0.6666666666666666,0.0018780583931948746
0.4,0.20000000298023224,0.5,1.0,0.18334999084472656,0.5,0.6666666666666666,0.0020582098696432295
0.4,0.20000000298023224,0.5,1.0,0.18334999084472656,0.5,0.6666666666666666,0.0021583079175397915
0.4,0.20000000298023224,0.5,1.0,0.18334999084472656,0.5,0.6666666666666666,0.0019793961293871317
0.4,0.20000000298023224,0.5,1.0,0.18334999084472656,0.5,0.6666666666666666,0.001665000649031386
0.4,0.20000000298023224,0.5,1.0,0.18334999084472656,0.5,0.6666666666666666,0.0027880747338312134
0.4,0.20000000298023224,0.5,1.0,0.18334999084472656,0.5,0.6666666666666666,0.0026256590235701517
0.4,0.20000000298023224,0.5,1.0,0.18334999084472656,0.5,0.6666666666666666,0.0033708584279249364
0.4,0.20000000298023224,0.5,1.0,0.18334999084472656,0.5,0.6666666666666666,0.004169327560497182
0.4,0.20000000298023224,0.5,1.0,0.18334999084472656,0.5,0.6666666666666666,0.004141547788638549
0.4,0.20000000298023224,0.5,1.0,0.18334999084472656,0.5,0.6666666666666666,0.0037644219968368618
0.4,0.20000000298023224,0.5,1.0,0.18334999084472656,0.5,0.6666666666666666,0.004913458962954832
0.4,0.20000000298023224,0.5,1.0,0.18334999084472656,0.5,0.6666666666666666,0.006044878046005178
0.4,0.20000000298023224,0.5,1.0,0.18334999084472656,0.5,0.6666666666666666,0.004939252662247868
0.4,0.20000000298023224,0.5,1.0,0.18334999084472656,0.5,0.6666666666666666,0.005196848252677194
0.4,0.20000000298023224,0.5,1.0,0.18334999084472656,0.5,0.6666666666666666,0.0060196160384325785
0.4,0.20000000298023224,0.5,1.0,0.18334999084472656,0.5,0.6666666666666666,0.007020176633799211
0.4,0.20000000298023224,0.5,1.0,0.18334999084472656,0.5,0.6666666666666666,0.006948668710006373
0.4,0.20000000298023224,0.5,1.0,0.18334999084472656,0.5,0.6666666666666666,0.007988431159145281
0.4,0.20000000298023224,0.5,1.0,0.18334999084472656,0.5,0.6666666666666666,0.007585042797352429
0.4,0.20000000298023224,0.5,1.0,0.18334999084472656,0.5,0.6666666666666666,0.009159163325259964
0.4,0.20000000298023224,1.0,1.0,0.2,0.5,0.6666666666666666,0.017347645497467735
0.4,0.20000000298023224,1.0,1.0,0.2,0.5,0.6666666666666666,0.012813924858552326
0.4,0.20000000298023224,1.0,1.0,0.2,0.5,0.6666666666666666,0.010315929817135128
0.4,0.20000000298023224,1.0,1.0,0.2,0.5,0.6666666666666666,0.011611290561910131
0.4,0.20000000298023224,1.0,1.0,0.2,0.5,0.6666666666666666,0.011347386473713191
0.4,0.20000000298023224,1.0,1.0,0.2,0.5,0.6666666666666666,0.01253046409005516
0.4,0.20000000298023224,1.0,1.0,0.2,0.5,0.6666666666666666,0.00852474021495074
0.4,0.20000000298023224,1.0,1.0,0.2,0.5,0.6666666666666666,0.01095285433093331
0.4,0.20000000298023224,1.0,1.0,0.2,0.5,0.6666666666666666,0.012592469600031356
0.4,0.20000000298023224,1.0,1.0,0.2,0.5,0.6666666666666666,0.01673323412434344
0.4,0.20000000298023224,1.0,1.0,0.2,0.5,0.6666666666666666,0.010606746030679464
0.4,0.20000000298023224,1.0,1.0,0.2,0.5,0.6666666666666666,0.009424807692684518
0.4,0.20000000298023224,1.0,1.0,0.2,0.5,0.6666666666666666,0.010904378753424693
0.4,0.20000000298023224,1.0,1.0,0.2,0.5,0.6666666666666666,0.015214332305349703
0.4,0.20000000298023224,1.0,1.0,0.2,0.5,0.6666666666666666,0.009991830171318477
0.4,0.20000000298023224,1.0,1.0,0.2,0.5,0.6666666666666666,0.010599079318844082
0.4,0.20000000298023224,1.0,1.0,0.2,0.5,0.6666666666666666,0.012158343042236083
0.4,0.20000000298023224,1.0,1.0,0.2,0.5,0.6666666666666666,0.013096129451270512
0.4,0.20000000298023224,1.0,1.0,0.2,0.5,0.6666666666666666,0.0105673282321672
0.4,0.20000000298023224,1.0,1.0,0.2,0.5,0.6666666666666666,0.009940690996890364
0.4,0.20000000298023224,1.0,1.0,0.2,0.5,0.6666666666666666,0.010410058814909813
0.4,0.20000000298023224,1.0,1.0,0.19665000915527345,0.5,0.6666666666666666,0.012718421633631013
0.4,0.20000000298023224,1.0,1.0,0.19665000915527345,0.5,0.6666666666666666,0.011551591931373955
0.4,0.20000000298023224,1.0,1.0,0.19665000915527345,0.5,0.6666666666666666,0.009107787048987586
0.4,0.20000000298023224,1.0,1.0,0.19665000915527345,0.5,0.6666666666666666,0.009040301583092599
0.4,0.20000000298023224,1.0,1.0,0.19665000915527345,0.5,0.6666666666666666,0.010975340213716333
0.4,0.20000000298023224,1.0,1.0,0.19665000915527345,0.5,0.6666666666666666,0.00978466994490814
0.4,0.20000000298023224,1.0,1.0,0.19665000915527345,0.5,0.6666666666666666,0.009838350526233426
0.4,0.20000000298023224,1.0,1.0,0.19665000915527345,0.5,0.6666666666666666,0.010183012200515616
0.4,0.20000000298023224,1.0,1.0,0.19665000915527345,0.5,0.6666666666666666,0.011658623506173006
0.4,0.20000000298023224,1.0,1.0,0.19665000915527345,0.5,0.6666666666666666,0.010607224121921614
0.4,0.20000000298023224,1.0,1.0,0.19665000915527345,0.5,0.6666666666666666,0.010358832880030111
0.4,0.20000000298023224,1.0,1.0,0.19665000915527345,0.5,0.6666666666666666,0.01081518527602563
0.4,0.20000000298023224,1.0,1.0,0.19665000915527345,0.5,0.6666666666666666,0.012169685805382547
0.4,0.20000000298023224,1.0,1.0,0.19665000915527345,0.5,0.6666666666666666,0.01156279903449921
0.4,0.20000000298023224,1.0,1.0,0.19665000915527345,0.5,0.6666666666666666,0.012929870088064949
0.4,0.20000000298023224,1.0,1.0,0.19665000915527345,0.5,0.6666666666666666,0.01423615264719687
0.4,0.20000000298023224,1.0,1.0,0.19665000915527345,0.5,0.6666666666666666,0.012426897523943195
0.4,0.20000000298023224,1.0,1.0,0.19665000915527345,0.5,0.6666666666666666,0.01516484571772842
0.4,0.20000000298023224,1.0,1.0,0.19665000915527345,0.5,0.6666666666666666,0.013831069793083293
0.4,0.20000000298023224,1.0,1.0,0.19665000915527345,0.5,0.6666666666666666,0.012788944318424963
0.4,0.20000000298023224,1.0,1.0,0.19665000915527345,0.5,0.6666666666666666,0.014250626168162571
0.4,0.20000000298023224,1.0,0.5625,0.20165000915527342,0.5,0.6666666666666666,0.09001800685614977
0.4,0.20000000298023224,1.0,0.5625,0.20165000915527342,0.5,0.6666666666666666,0.03700337538577244
0.4,0.20000000298023224,1.0,0.5625,0.20165000915527342,0.5,0.6666666666666666,0.019972381589359593
0.4,0.20000000298023224,1.0,0.5625,0.20165000915527342,0.5,0.6666666666666666,0.01869518113576486
0.4,0.20000000298023224,1.0,0.5625,0.20165000915527342,0.5,0.6666666666666666,0.02067226858781199
0.4,0.20000000298023224,1.0,0.5625,0.20165000915527342,0.5,0.6666666666666666,0.020631689077120086
0.4,0.20000000298023224,1.0,0.5625,0.20165000915527342,0.5,0.6666666666666666,0.012181528051720176
0.4,0.20000000298023224,1.0,0.5625,0.20165000915527342,0.5,0.6666666666666666,0.03818642212160348
0.4,0.20000000298023224,1.0,0.5625,0.20165000915527342,0.5,0.6666666666666666,0.01399421630284597
0.4,0.20000000298023224,1.0,0.5625,0.20165000915527342,0.5,0.6666666666666666,0.01016963915523504
0.4,0.20000000298023224,1.0,0.5625,0.20165000915527342,0.5,0.6666666666666666,0.012869501845106627
0.4,0.20000000298023224,1.0,0.5625,0.20165000915527342,0.5,0.6666666666666666,0.01511458487241677
0.4,0.20000000298023224,1.0,0.5625,0.20165000915527342,0.5,0.6666666666666666,0.017024681702296682
0.4,0.20000000298023224,1.0,0.5625,0.20165000915527342,0.5,0.6666666666666666,0.018682281405310433
0.4,0.20000000298023224,1.0,0.5625,0.20165000915527342,0.5,0.6666666666666666,0.0373959485978367
0.4,0.20000000298023224,1.0,0.5625,0.20165000915527342,0.5,0.6666666666666666,0.02383048588888337
0.4,0.20000000298023224,1.0,0.5625,0.20165000915527342,0.5,0.6666666666666666,0.01590965957851497
0.4,0.20000000298023224,1.0,0.5625,0.20165000915527342,0.5,0.6666666666666666,0.01990812262660516
0.4,0.20000000298023224,1.0,0.5625,0.20165000915527342,0.5,0.6666666666666666,0.016029090622692626
0.4,0.20000000298023224,1.0,0.5625,0.20165000915527342,0.5,0.6666666666666666,0.031687891562935444
0.4,0.20000000298023224,1.0,0.5625,0.20165000915527342,0.5,0.6666666666666666,0.015289305834645417
0.4,0.20000000298023224,1.0,0.5625,0.20165000915527342,0.5,0.6666666666666666,0.012691123295923664
0.4,0.20000000298023224,1.0,0.5625,0.20165000915527342,0.5,0.6666666666666666,0.014140585010960183
0.4,0.20000000298023224,1.0,0.5625,0.20165000915527342,0.5,0.6666666666666666,0.01033414693560433
0.4,0.20000000298023224,1.0,0.5625,0.20165000915527342,0.5,0.6666666666666666,0.012965789135781223
0.4,0.20000000298023224,1.0,0.5625,0.20165000915527342,0.5,0.6666666666666666,0.009266061668426358
0.4,0.20000000298023224,1.0,0.5625,0.20165000915527342,0.5,0.6666666666666666,0.03628101910728188
0.4,0.20000000298023224,1.0,0.5625,0.20165000915527342,0.5,0.6666666666666666,0.006284908801423737
0.4,0.20000000298023224,1.0,0.5625,0.20165000915527342,0.5,0.6666666666666666,0.0108634802960557
0.4,0.20000000298023224,1.0,0.5625,0.20165000915527342,0.5,0.6666666666666666,0.014497545432405213
0.4,0.20000000298023224,1.0,0.5625,0.20165000915527342,0.5,0.6666666666666666,0.012936891355383458
0.4,0.20000000298023224,1.0,0.5625,0.20165000915527342,0.5,0.6666666666666666,0.011167638318909868
0.4,0.20000000298023224,1.0,0.5625,0.20165000915527342,0.5,0.6666666666666666,0.012333350361107207
0.4,0.20000000298023224,1.0,0.5625,0.20165000915527342,0.5,0.6666666666666666,0.034743168051145926
0.4,0.20000000298023224,1.0,0.5625,0.20165000915527342,0.5,0.6666666666666666,0.022430470536959252
0.4,0.20000000298023224,1.0,0.5625,0.20165000915527342,0.5,0.6666666666666666,0.01654503030435224
0.4,0.20000000298023224,1.0,0.5625,0.20165000915527342,0.5,0.6666666666666666,0.016216484050019932
0.4,0.20000000298023224,1.0,0.5625,0.20165000915527342,0.5,0.6666666666666666,0.016795957752776865
0.4,0.20000000298023224,1.0,0.5625,0.20165000915527342,0.5,0.6666666666666666,0.01818701370191062
0.4,0.20000000298023224,1.0,0.5625,0.20165000915527342,0.5,0.6666666666666666,0.018499045411721763
0.4,0.20000000298023224,0.5,1.0,0.17665000915527343,0.5,0.6666666666666666,0.009351315578240696
0.4,0.20000000298023224,0.5,1.0,0.17665000915527343,0.5,0.6666666666666666,0.2901411365617506
0.4,0.20000000298023224,0.5,1.0,0.17665000915527343,0.5,0.6666666666666666,0.005144962477630675
0.4,0.20000000298023224,0.5,1.0,0.17665000915527343,0.5,0.6666666666666666,0.0038297659472219647
0.4,0.20000000298023224,0.5,1.0,0.17665000915527343,0.5,0.6666666666666666,0.004526467656514588
0.4,0.20000000298023224,0.5,1.0,0.17665000915527343,0.5,0.6666666666666666,0.006249241193754536
0.4,0.20000000298023224,0.5,1.0,0.17665000915527343,0.5,0.6666666666666666,0.0003463037565163631
0.4,0.20000000298023224,0.5,1.0,0.17665000915527343,0.5,0.6666666666666666,0.0027416307367299397
0.4,0.20000000298023224,0.5,1.0,0.17665000915527343,0.5,0.6666666666666666,0.004576397280152691
0.4,0.20000000298023224,0.5,1.0,0.17665000915527343,0.5,0.6666666666666666,0.0012069662875839177
0.4,0.20000000298023224,0.5,1.0,0.17665000915527343,0.5,0.6666666666666666,0.0018674446814336584
0.4,0.20000000298023224,0.5,1.0,0.17665000915527343,0.5,0.6666666666666666,0.0034941704310842772
0.4,0.20000000298023224,0.5,1.0,0.17665000915527343,0.5,0.6666666666666666,0.0028978657680858695
0.4,0.20000000298023224,0.5,1.0,0.17665000915527343,0.5,0.6666666666666666,0.014289297542463828
0.4,0.20000000298023224,0.5,1.0,0.17665000915527343,0.5,0.6666666666666666,0.0016389106805454739
0.4,0.20000000298023224,0.5,1.0,0.17665000915527343,0.5,0.6666666666666666,0.0027053807171773265
0.4,0.20000000298023224,0.5,1.0,0.17665000915527343,0.5,0.6666666666666666,0.002624999774636904
0.4,0.20000000298023224,0.5,1.0,0.17665000915527343,0.5,0.6666666666666666,0.00021856325250833855
0.4,0.20000000298023224,0.5,1.0,0.17665000915527343,0.5,0.6666666666666666,0.0012775419534917492
0.4,0.20000000298023224,0.5,1.0,0.17665000915527343,0.5,0.6666666666666666,0.0015572028913956903
0.4,0.20000000298023224,0.5,1.0,0.17665000915527343,0.5,0.6666666666666666,0.0021805170189163193
0.4,0.20000000298023224,0.5,1.0,0.17665000915527343,0.5,0.6666666666666666,0.0005046107488650566
0.4,0.20000000298023224,0.5,1.0,0.17665000915527343,0.5,0.6666666666666666,0.0013067125301386763
0.4,0.20000000298023224,0.5,1.0,0.17665000915527343,0.5,0.6666666666666666,0.001240279008638973
0.4,0.20000000298023224,0.5,1.0,0.17665000915527343,0.5,0.6666666666666666,0.002713533993806341
0.4,0.20000000298023224,0.5,1.0,0.17665000915527343,0.5,0.6666666666666666,0.0004786605455269371
0.4,0.20000000298023224,0.5,1.0,0.17665000915527343,0.5,0.6666666666666666,0.0021263991330105828
0.4,0.20000000298023224,0.5,1.0,0.17665000915527343,0.5,0.6666666666666666,0.0007121798334367812
0.4,0.20000000298023224,0.5,1.0,0.17665000915527343,0.5,0.6666666666666666,0.0014341049901160383
0.4,0.20000000298023224,0.5,1.0,0.17665000915527343,0.5,0.6666666666666666,0.0019719266830555996
0.4,0.20000000298023224,0.5,1.0,0.17665000915527343,0.5,0.6666666666666666,0.0022907471817834465
0.4,0.20000000298023224,0.5,1.0,0.17665000915527343,0.5,0.6666666666666666,0.003214502170524313
0.4,0.20000000298023224,0.5,1.0,0.17665000915527343,0.5,0.6666666666666666,0.0034378249696931525
0.4,0.20000000298023224,0.5,1.0,0.17665000915527343,0.5,0.6666666666666666,0.0034549457217333914
0.4,0.20000000298023224,0.5,1.0,0.17665000915527343,0.5,0.6666666666666666,0.0029862581775597463
0.4,0.20000000298023224,0.5,1.0,0.17665000915527343,0.5,0.6666666666666666,0.0028904441434824298
0.4,0.20000000298023224,0.5,1.0,0.17665000915527343,0.5,0.6666666666666666,0.0033054148098190014
0.4,0.20000000298023224,0.5,1.0,0.17665000915527343,0.5,0.6666666666666666,0.002470359484939409
0.4,0.20000000298023224,0.5,1.0,0.17665000915527343,0.5,0.6666666666666666,0.0035742116004745667
0.4,0.20000000298023224,0.5,1.0,0.17665000915527343,0.5,0.6666666666666666,0.003120095951550607
0.4,0.20000000298023224,0.5,1.0,0.17665000915527343,0.5,0.6666666666666666,0.003445806147466035
0.4,0.20000000298023224,0.5,1.0,0.17665000915527343,0.5,0.6666666666666666,0.004048492953351603
0.4,0.20000000298023224,0.5,1.0,0.17665000915527343,0.5,0.6666666666666666,0.007847573004663901
0.4,0.20000000298023224,1.0,1.0,0.19084999084472656,0.5,0.6666666666666666,0.012019501715867301
0.4,0.20000000298023224,1.0,1.0,0.19084999084472656,0.5,0.6666666666666666,0.013246972774586013
0.4,0.20000000298023224,1.0,1.0,0.19084999084472656,0.5,0.6666666666666666,0.011004888458253679
0.4,0.20000000298023224,1.0,1.0,0.19084999084472656,0.5,0.6666666666666666,0.011205895331749293
0.4,0.20000000298023224,1.0,1.0,0.19084999084472656,0.5,0.6666666666666666,0.014283980112620118
0.4,0.20000000298023224,1.0,1.0,0.19084999084472656,0.5,0.6666666666666666,0.013189441132831273
0.4,0.20000000298023224,1.0,1.0,0.19084999084472656,0.5,0.6666666666666666,0.011896825907063431
0.4,0.20000000298023224,1.0,1.0,0.19084999084472656,0.5,0.6666666666666666,0.011611262245541643
0.4,0.20000000298023224,1.0,1.0,0.19084999084472656,0.5,0.6666666666666666,0.013913775892217076
0.4,0.20000000298023224,1.0,1.0,0.19084999084472656,0.5,0.6666666666666666,0.19527811453414315
0.4,0.20000000298023224,1.0,1.0,0.19165000915527344,0.5,0.6666666666666666,0.010196364579690165
0.4,0.20000000298023224,1.0,1.0,0.19165000915527344,0.5,0.6666666666666666,0.010323558034968388
0.4,0.20000000298023224,1.0,1.0,0.19165000915527344,0.5,0.6666666666666666,0.008688130268327363
0.4,0.20000000298023224,1.0,1.0,0.19165000915527344,0.5,0.6666666666666666,0.010068695299517308
0.4,0.20000000298023224,1.0,1.0,0.19165000915527344,0.5,0.6666666666666666,0.010181203233768468
0.4,0.20000000298023224,1.0,1.0,0.19165000915527344,0.5,0.6666666666666666,0.00924240503872527
0.4,0.20000000298023224,1.0,1.0,0.19165000915527344,0.5,0.6666666666666666,0.00935226636633233
0.4,0.20000000298023224,1.0,1.0,0.19165000915527344,0.5,0.6666666666666666,0.009924667176057259
0.4,0.20000000298023224,1.0,1.0,0.19165000915527344,0.5,0.6666666666666666,0.01060201586081914
0.4,0.20000000298023224,1.0,1.0,0.19165000915527344,0.5,0.6666666666666666,0.010241751505891518
0.4,0.20000000298023224,1.0,1.0,0.19165000915527344,0.5,0.6666666666666666,0.00996124209073048
0.4,0.20000000298023224,1.0,1.0,0.19165000915527344,0.5,0.6666666666666666,0.01035879754958175
0.4,0.20000000298023224,1.0,1.0,0.19165000915527344,0.5,0.6666666666666666,0.010387688822904436
0.4,0.20000000298023224,1.0,1.0,0.19165000915527344,0.5,0.6666666666666666,0.010150790650267121
0.4,0.20000000298023224,1.0,1.0,0.19165000915527344,0.5,0.6666666666666666,0.010314453218039279
0.4,0.20000000298023224,1.0,1.0,0.19165000915527344,0.5,0.6666666666666666,0.010588276433036505
0.4,0.20000000298023224,1.0,1.0,0.19165000915527344,0.5,0.6666666666666666,0.010716178479957534
0.4,0.20000000298023224,1.0,1.0,0.19165000915527344,0.5,0.6666666666666666,0.01098082093974571
0.4,0.20000000298023224,1.0,1.0,0.19165000915527344,0.5,0.6666666666666666,0.011075070557478707
0.4,0.20000000298023224,1.0,1.0,0.19165000915527344,0.5,0.6666666666666666,0.011141965806310935
0.4,0.20000000298023224,1.0,1.0,0.19165000915527344,0.5,0.6666666666666666,0.01140098038051692
0.4,0.20000000298023224,1.0,1.0,0.19165000915527344,0.5,0.6666666666666666,0.011442103236902824
0.4,0.20000000298023224,1.0,1.0,0.19165000915527344,0.5,0.6666666666666666,0.011281016225652432
0.4,0.20000000298023224,0.5,1.0,0.2,0.5,0.6666666666666666,0.008903191746273237
0.4,0.20000000298023224,0.5,1.0,0.2,0.5,0.6666666666666666,0.006940824185448545
0.4,0.20000000298023224,0.5,1.0,0.2,0.5,0.6666666666666666,0.004398731280503547
0.4,0.20000000298023224,0.5,1.0,0.2,0.5,0.6666666666666666,0.028287499463346712
0.4,0.20000000298023224,0.5,1.0,0.2,0.5,0.6666666666666666,0.0036810857919919327
0.4,0.20000000298023224,0.5,1.0,0.2,0.5,0.6666666666666666,0.004300089746325779
0.4,0.20000000298023224,0.5,1.0,0.2,0.5,0.6666666666666666,0.003554985201755564
0.4,0.20000000298023224,0.5,1.0,0.2,0.5,0.6666666666666666,0.0026744301126089363
0.4,0.20000000298023224,0.5,1.0,0.2,0.5,0.6666666666666666,0.0003894444853238189
0.4,0.20000000298023224,0.5,1.0,0.2,0.5,0.6666666666666666,0.0018511099107227072
0.4,0.20000000298023224,0.5,1.0,0.2,0.5,0.6666666666666666,0.001549367324569535
0.4,0.20000000298023224,0.5,1.0,0.2,0.5,0.6666666666666666,0.0016964254865948394
0.4,0.20000000298023224,0.5,1.0,0.2,0.5,0.6666666666666666,0.0010887925457023072
0.4,0.20000000298023224,0.5,1.0,0.2,0.5,0.6666666666666666,0.0012892436215898979
0.4,0.20000000298023224,0.5,1.0,0.2,0.5,0.6666666666666666,0.0007830116265330519
0.4,0.20000000298023224,0.5,1.0,0.2,0.5,0.6666666666666666,0.001144597363163717
0.4,0.20000000298023224,0.5,1.0,0.2,0.5,0.6666666666666666,0.0009200396365892185
0.4,0.20000000298023224,0.5,1.0,0.2,0.5,0.6666666666666666,0.0010975085430421894
0.4,0.20000000298023224,0.5,1.0,0.2,0.5,0.6666666666666666,0.001498939471841754
0.4,0.20000000298023224,0.5,1.0,0.2,0.5,0.6666666666666666,0.001089507470503454
0.4,0.20000000298023224,0.5,1.0,0.2,0.5,0.6666666666666666,0.001493871113086014
0.4,0.20000000298023224,0.5,1.0,0.2,0.5,0.6666666666666666,0.0015119479410485863
0.4,0.20000000298023224,0.5,1.0,0.2,0.5,0.6666666666666666,0.002111223756686289
0.4,0.20000000298023224,0.5,1.0,0.2,0.5,0.6666666666666666,0.0034374891047133866
0.4,0.20000000298023224,0.5,1.0,0.2,0.5,0.6666666666666666,0.003922079441875099
0.4,0.20000000298023224,0.5,1.0,0.2,0.5,0.6666666666666666,0.004614349693028759
0.4,0.20000000298023224,0.5,1.0,0.2,0.5,0.6666666666666666,0.004807070640405765
0.4,0.20000000298023224,0.5,1.0,0.2,0.5,0.6666666666666666,0.004188747092193402
0.4,0.20000000298023224,0.5,0.5625,0.20834999084472655,0.5,0.6666666666666666,0.008558602564821377
0.4,0.20000000298023224,0.5,0.5625,0.20834999084472655,0.5,0.6666666666666666,0.010950776995353767
0.4,0.20000000298023224,0.5,0.5625,0.20834999084472655,0.5,0.6666666666666666,0.011518481463850984
0.4,0.20000000298023224,0.5,0.5625,0.20834999084472655,0.5,0.6666666666666666,0.007754140519763155
0.4,0.20000000298023224,0.5,0.5625,0.20834999084472655,0.5,0.6666666666666666,0.013512999229581733
0.4,0.20000000298023224,0.5,0.5625,0.20834999084472655,0.5,0.6666666666666666,0.012654882714735735
0.4,0.20000000298023224,0.5,0.5625,0.20834999084472655,0.5,0.6666666666666666,0.008570034995570935
0.4,0.20000000298023224,0.5,0.5625,0.20834999084472655,0.5,0.6666666666666666,0.007827340271769479
0.4,0.20000000298023224,0.5,0.5625,0.20834999084472655,0.5,0.6666666666666666,0.010464810317642579
0.4,0.20000000298023224,0.5,0.5625,0.20834999084472655,0.5,0.6666666666666666,0.0022822364779790717
0.4,0.20000000298023224,0.5,0.5625,0.20834999084472655,0.5,0.6666666666666666,0.00833300215676321
0.4,0.20000000298023224,0.5,0.5625,0.20834999084472655,0.5,0.6666666666666666,0.008559828454632913
0.4,0.20000000298023224,0.5,0.5625,0.20834999084472655,0.5,0.6666666666666666,0.009029514230573223
0.4,0.20000000298023224,0.5,0.5625,0.20834999084472655,0.5,0.6666666666666666,0.008940794178636842
0.4,0.20000000298023224,0.5,0.5625,0.20834999084472655,0.5,0.6666666666666666,0.00568839822982239
0.4,0.20000000298023224,0.5,0.5625,0.20834999084472655,0.5,0.6666666666666666,0.010740009558412165
0.4,0.20000000298023224,0.5,0.5625,0.20834999084472655,0.5,0.6666666666666666,0.010490979014821626
0.4,0.20000000298023224,0.5,0.5625,0.20834999084472655,0.5,0.6666666666666666,0.010478939155138813
0.4,0.20000000298023224,0.5,0.5625,0.20834999084472655,0.5,0.6666666666666666,0.009851332798442351
0.4,0.20000000298023224,0.5,0.5625,0.20834999084472655,0.5,0.6666666666666666,0.010283717962249457
0.4,0.20000000298023224,0.5,0.5625,0.20834999084472655,0.5,0.6666666666666666,0.006405362624939245
0.4,0.20000000298023224,0.5,0.5625,0.20834999084472655,0.5,0.6666666666666666,0.007479103915429838
0.4,0.20000000298023224,0.5,0.5625,0.20834999084472655,0.5,0.6666666666666666,0.009304521222667164
0.4,0.20000000298023224,0.5,0.5625,0.20834999084472655,0.5,0.6666666666666666,0.010493225765890943
0.4,0.20000000298023224,0.5,0.5625,0.20834999084472655,0.5,0.6666666666666666,0.010941209864452503
0.4,0.20000000298023224,0.5,0.5625,0.20834999084472655,0.5,0.6666666666666666,0.005050185363455908
0.4,0.20000000298023224,0.5,0.5625,0.20834999084472655,0.5,0.6666666666666666,0.007792858298675192
0.4,0.20000000298023224,0.5,0.5625,0.20834999084472655,0.5,0.6666666666666666,0.008870782220839693
0.4,0.20000000298023224,0.5,0.5625,0.20834999084472655,0.5,0.6666666666666666,0.00214028913158543
0.4,0.20000000298023224,0.5,0.5625,0.20834999084472655,0.5,0.6666666666666666,0.00037914997649981326
0.4,0.20000000298023224,0.5,0.5625,0.20834999084472655,0.5,0.6666666666666666,0.0062669224080863055
0.4,0.20000000298023224,0.5,0.5625,0.20834999084472655,0.5,0.6666666666666666,0.005200975528127601
0.4,0.20000000298023224,0.5,0.5625,0.20834999084472655,0.5,0.6666666666666666,0.008119617948579618
0.4,0.20000000298023224,0.5,0.5625,0.20834999084472655,0.5,0.6666666666666666,0.00889574742973566
0.4,0.20000000298023224,0.5,0.5625,0.20834999084472655,0.5,0.6666666666666666,0.012594586444806367
0.4,0.20000000298023224,0.5,0.5625,0.20834999084472655,0.5,0.6666666666666666,0.007443112346059895
0.4,0.20000000298023224,0.5,0.5625,0.20834999084472655,0.5,0.6666666666666666,0.009178130554776214
0.4,0.20000000298023224,0.5,0.5625,0.20834999084472655,0.5,0.6666666666666666,0.011407491948541236
0.4,0.20000000298023224,0.5,0.5625,0.20834999084472655,0.5,0.6666666666666666,0.011842595088532346
0.4,0.20000000298023224,0.5,0.5625,0.20834999084472655,0.5,0.6666666666666666,0.011563078253137798
0.4,0.20000000298023224,0.5,0.5625,0.20834999084472655,0.5,0.6666666666666666,0.010539918038182366
0.4,0.20000000298023224,0.5,0.5625,0.20834999084472655,0.5,0.6666666666666666,0.011338844552718334
0.4,0.20000000298023224,0.5,0.5625,0.20834999084472655,0.5,0.6666666666666666,0.009772865597172154
0.4,0.20000000298023224,0.5,0.5625,0.20834999084472655,0.5,0.6666666666666666,0.0034663767493986466
0.4,0.20000000298023224,0.5,0.5625,0.20834999084472655,0.5,0.6666666666666666,0.007319426941621853
0.4,0.20000000298023224,0.5,0.5625,0.20834999084472655,0.5,0.6666666666666666,0.0056062516863708365
0.4,0.20000000298023224,0.5,0.5625,0.20834999084472655,0.5,0.6666666666666666,0.004146794156961146
0.4,0.20000000298023224,0.5,0.5625,0.20834999084472655,0.5,0.6666666666666666,0.005512080802186152
0.4,0.20000000298023224,0.5,0.5625,0.20834999084472655,0.5,0.6666666666666666,0.010990413895164579
0.4,0.20000000298023224,0.5,0.5625,0.20834999084472655,0.5,0.6666666666666666,0.008327131237683187
0.4,0.20000000298023224,0.5,0.5625,0.20834999084472655,0.5,0.6666666666666666,0.010389354194797452
0.4,0.20000000298023224,0.5,0.5625,0.20834999084472655,0.5,0.6666666666666666,0.009714984472876624
0.4,0.20000000298023224,0.5,0.5625,0.20834999084472655,0.5,0.6666666666666666,0.010769827216840663
0.4,0.20000000298023224,0.5,0.5625,0.20834999084472655,0.5,0.6666666666666666,0.008831661158108677
0.4,0.20000000298023224,0.5,0.5625,0.20834999084472655,0.5,0.6666666666666666,0.001807209121280731
0.4,0.20000000298023224,0.5,0.5625,0.20834999084472655,0.5,0.6666666666666666,0.0038119929127759648
0.4,0.20000000298023224,0.5,0.5625,0.20834999084472655,0.5,0.6666666666666666,0.0027764048501703305
0.4,0.20000000298023224,0.5,0.5625,0.20834999084472655,0.5,0.6666666666666666,0.004612508767232111
0.4,0.20000000298023224,0.5,0.5625,0.20834999084472655,0.5,0.6666666666666666,0.0014801942463033332
0.4,0.20000000298023224,0.5,0.5625,0.20834999084472655,0.5,0.6666666666666666,0.003784367233928082
0.4,0.20000000298023224,0.5,0.5625,0.20834999084472655,0.5,0.6666666666666666,0.004230117289349555
0.4,0.20000000298023224,0.5,0.5625,0.20834999084472655,0.5,0.6666666666666666,0.001911381079502355
0.4,0.20000000298023224,0.5,0.5625,0.20834999084472655,0.5,0.6666666666666666,0.0038690454074351358
0.4,0.20000000298023224,0.5,0.5625,0.20834999084472655,0.5,0.6666666666666666,0.0024443058275136326
0.4,0.20000000298023224,0.5,0.5625,0.20834999084472655,0.5,0.6666666666666666,0.00043022420702361195
0.4,0.20000000298023224,0.5,0.5625,0.20834999084472655,0.5,0.6666666666666666,0.0007916745124521854
0.4,0.20000000298023224,0.5,0.5625,0.20834999084472655,0.5,0.6666666666666666,0.0022795936421230144
0.4,0.20000000298023224,0.5,0.5625,0.20834999084472655,0.5,0.6666666666666666,0.0037758205831158677
0.4,0.20000000298023224,0.5,0.5625,0.20834999084472655,0.5,0.6666666666666666,0.004851091163457096
0.4,0.20000000298023224,0.5,0.5625,0.20834999084472655,0.5,0.6666666666666666,0.005626134108546613
0.4,0.20000000298023224,0.5,0.5625,0.20834999084472655,0.5,0.6666666666666666,0.0008569286901271755
0.4,0.20000000298023224,0.5,0.5625,0.20834999084472655,0.5,0.6666666666666666,0.000725666478907026
0.4,0.20000000298023224,0.5,0.5625,0.20834999084472655,0.5,0.6666666666666666,0.0004084117363833081
0.4,0.20000000298023224,0.5,0.5625,0.20834999084472655,0.5,0.6666666666666666,0.0028962806529120415
0.4,0.20000000298023224,0.5,0.5625,0.20834999084472655,0.5,0.6666666666666666,0.0022378366691417776
0.4,0.20000000298023224,0.5,0.5625,0.20834999084472655,0.5,0.6666666666666666,0.001217630239252976
0.4,0.20000000298023224,0.5,0.5625,0.20834999084472655,0.5,0.6666666666666666,0.00240895603225225
0.4,0.20000000298023224,0.5,0.5625,0.20834999084472655,0.5,0.6666666666666666,0.0026247540911183216
0.4,0.20000000298023224,0.5,0.5625,0.20834999084472655,0.5,0.6666666666666666,0.00487866531824506
0.4,0.20000000298023224,0.5,0.5625,0.20834999084472655,0.5,0.6666666666666666,0.003996447625263391
0.4,0.20000000298023224,0.5,0.5625,0.20834999084472655,0.5,0.6666666666666666,0.0008549631812541462
0.4,0.20000000298023224,0.5,0.5625,0.20834999084472655,0.5,0.6666666666666666,0.0013200669813138303
0.4,0.20000000298023224,0.5,0.5625,0.20834999084472655,0.5,0.6666666666666666,0.0015569754878797205
0.4,0.20000000298023224,0.5,0.5625,0.20834999084472655,0.5,0.6666666666666666,0.0015708780118735383
0.4,0.20000000298023224,0.5,0.5625,0.18665000915527344,0.5,0.6666666666666666,0.010687030994944101
0.4,0.20000000298023224,0.5,0.5625,0.18665000915527344,0.5,0.6666666666666666,0.011349772538335245
0.4,0.20000000298023224,0.5,0.5625,0.18665000915527344,0.5,0.6666666666666666,0.010006972311753426
0.4,0.20000000298023224,0.5,0.5625,0.18665000915527344,0.5,0.6666666666666666,0.00861282628892996
0.4,0.20000000298023224,0.5,0.5625,0.18665000915527344,0.5,0.6666666666666666,0.006955335084261971
0.4,0.20000000298023224,0.5,0.5625,0.18665000915527344,0.5,0.6666666666666666,0.0067687150563731915
0.4,0.20000000298023224,0.5,0.5625,0.18665000915527344,0.5,0.6666666666666666,0.00644526019318995
0.4,0.20000000298023224,0.5,0.5625,0.18665000915527344,0.5,0.6666666666666666,0.008975344574056365
0.4,0.20000000298023224,0.5,0.5625,0.18665000915527344,0.5,0.6666666666666666,0.008185693719594721
0.4,0.20000000298023224,0.5,0.5625,0.18665000915527344,0.5,0.6666666666666666,0.005384752347922233
0.4,0.20000000298023224,0.5,0.5625,0.18665000915527344,0.5,0.6666666666666666,0.003106852783446429
0.4,0.20000000298023224,0.5,0.5625,0.18665000915527344,0.5,0.6666666666666666,0.0026116678414631347
0.4,0.20000000298023224,0.5,0.5625,0.18665000915527344,0.5,0.6666666666666666,0.0040587680943733545
0.4,0.20000000298023224,0.5,0.5625,0.18665000915527344,0.5,0.6666666666666666,0.004289512716807612
0.4,0.20000000298023224,0.5,0.5625,0.18665000915527344,0.5,0.6666666666666666,0.005040495435414418
0.4,0.20000000298023224,0.5,0.5625,0.18665000915527344,0.5,0.6666666666666666,0.0030625632950156026
0.4,0.20000000298023224,0.5,0.5625,0.18665000915527344,0.5,0.6666666666666666,0.0
0.4,0.20000000298023224,0.5,0.5625,0.18665000915527344,0.5,0.6666666666666666,0.0005659012544432973
0.4,0.20000000298023224,0.5,0.5625,0.18665000915527344,0.5,0.6666666666666666,0.0007601861365272508
0.4,0.20000000298023224,0.5,0.5625,0.18665000915527344,0.5,0.6666666666666666,0.001035954939755844
0.4,0.20000000298023224,0.5,0.5625,0.18665000915527344,0.5,0.6666666666666666,0.0012392379326104058
0.4,0.20000000298023224,0.5,0.5625,0.18665000915527344,0.5,0.6666666666666666,0.0049964043996734465
0.4,0.20000000298023224,0.5,0.5625,0.18665000915527344,0.5,0.6666666666666666,0.0027456436639655113
0.4,0.20000000298023224,0.5,0.5625,0.18665000915527344,0.5,0.6666666666666666,0.0014272693648365138
0.4,0.20000000298023224,0.5,0.5625,0.18665000915527344,0.5,0.6666666666666666,0.0019434491106991093
0.4,0.20000000298023224,0.5,0.5625,0.18665000915527344,0.5,0.6666666666666666,0.001760267156139685
0.4,0.20000000298023224,0.5,0.5625,0.18665000915527344,0.5,0.6666666666666666,0.0012359868314053488
0.4,0.20000000298023224,0.5,0.5625,0.18665000915527344,0.5,0.6666666666666666,0.001705418226611423
0.4,0.20000000298023224,0.5,0.5625,0.18665000915527344,0.5,0.6666666666666666,0.0036504547631082285
0.4,0.20000000298023224,0.5,0.5625,0.18665000915527344,0.5,0.6666666666666666,0.0010776673781829986
0.4,0.20000000298023224,0.5,0.5625,0.18665000915527344,0.5,0.6666666666666666,0.0010427679979887702
0.4,0.20000000298023224,0.5,0.5625,0.18665000915527344,0.5,0.6666666666666666,0.00152318164934698
0.4,0.20000000298023224,0.5,0.5625,0.18665000915527344,0.5,0.6666666666666666,0.0016596015644800574
0.4,0.20000000298023224,0.5,0.5625,0.18665000915527344,0.5,0.6666666666666666,0.0017850007916791898
0.4,0.20000000298023224,0.5,0.5625,0.18665000915527344,0.5,0.6666666666666666,0.0021246784020012245
0.4,0.20000000298023224,0.5,0.5625,0.18665000915527344,0.5,0.6666666666666666,0.001963501966550765
0.4,0.20000000298023224,0.5,0.5625,0.18665000915527344,0.5,0.6666666666666666,0.0017977052464860882
0.4,0.20000000298023224,0.5,0.5625,0.18665000915527344,0.5,0.6666666666666666,0.001610795315109063
0.4,0.20000000298023224,0.5,0.5625,0.18665000915527344,0.5,0.6666666666666666,0.0021003886999640046
0.4,0.20000000298023224,0.5,0.5625,0.18665000915527344,0.5,0.6666666666666666,0.0024066083107591985
0.4,0.20000000298023224,0.5,0.5625,0.18665000915527344,0.5,0.6666666666666666,0.0026725598174484437
0.4,0.20000000298023224,0.5,0.5625,0.18665000915527344,0.5,0.6666666666666666,0.0030106871544844094
0.4,0.20000000298023224,0.5,0.5625,0.18665000915527344,0.5,0.6666666666666666,0.0025492909711513517
0.4,0.20000000298023224,0.5,0.5625,0.18665000915527344,0.5,0.6666666666666666,0.0019801406166769747
0.4,0.20000000298023224,0.5,0.5625,0.18665000915527344,0.5,0.6666666666666666,0.0021313184086172573
0.4,0.20000000298023224,0.5,0.5625,0.18665000915527344,0.5,0.6666666666666666,0.0023041355506336573
0.4,0.20000000298023224,0.5,0.5625,0.18665000915527344,0.5,0.6666666666666666,0.002618250196173594
0.4,0.20000000298023224,0.5,0.5625,0.18665000915527344,0.5,0.6666666666666666,0.0031249666210556417
0.4,0.20000000298023224,0.5,0.5625,0.18665000915527344,0.5,0.6666666666666666,0.0031528355721214033
0.4,0.20000000298023224,0.5,0.5625,0.18665000915527344,0.5,0.6666666666666666,0.0012997534777846
0.4,0.20000000298023224,0.5,0.5625,0.18665000915527344,0.5,0.6666666666666666,0.0021551397132801033
0.4,0.20000000298023224,0.5,0.5625,0.18665000915527344,0.5,0.6666666666666666,0.0024585561420014633
0.4,0.20000000298023224,0.5,0.5625,0.18665000915527344,0.5,0.6666666666666666,0.0030453918491931344
0.4,0.20000000298023224,0.5,0.5625,0.18665000915527344,0.5,0.6666666666666666,0.0036204219374687636
0.4,0.20000000298023224,0.5,0.5625,0.18665000915527344,0.5,0.6666666666666666,0.0037733968278884137
0.4,0.20000000298023224,0.5,0.5625,0.18665000915527344,0.5,0.6666666666666666,0.0031755666129041587
0.4,0.20000000298023224,0.5,0.5625,0.18665000915527344,0.5,0.6666666666666666,0.0013194917767821092
0.4,0.20000000298023224,0.5,0.5625,0.18665000915527344,0.5,0.6666666666666666,0.0025396596035456537
0.4,0.20000000298023224,0.5,0.5625,0.18665000915527344,0.5,0.6666666666666666,0.002604491993438318
0.4,0.20000000298023224,0.5,0.5625,0.18665000915527344,0.5,0.6666666666666666,0.0033833570510335715
0.4,0.20000000298023224,0.5,0.5625,0.18665000915527344,0.5,0.6666666666666666,0.00365500701507196
0.4,0.20000000298023224,0.5,0.5625,0.18665000915527344,0.5,0.6666666666666666,0.003913616799701437
0.4,0.20000000298023224,0.5,0.5625,0.18665000915527344,0.5,0.6666666666666666,0.004355947985446704
0.4,0.20000000298023224,0.5,0.5625,0.18665000915527344,0.5,0.6666666666666666,0.0023648626750185095
0.4,0.20000000298023224,0.5,0.5625,0.18665000915527344,0.5,0.6666666666666666,0.0033803543299276762
0.4,0.20000000298023224,0.5,0.5625,0.18665000915527344,0.5,0.6666666666666666,0.00419632576394375
0.4,0.20000000298023224,0.5,0.5625,0.18665000915527344,0.5,0.6666666666666666,0.0046081911099131135
0.4,0.20000000298023224,0.5,0.5625,0.18665000915527344,0.5,0.6666666666666666,0.005055093916707575
0.4,0.20000000298023224,0.5,0.5625,0.18665000915527344,0.5,0.6666666666666666,0.005322244195747824
0.4,0.20000000298023224,0.5,0.5625,0.18665000915527344,0.5,0.6666666666666666,0.004959622099658202
0.4,0.20000000298023224,0.5,0.5625,0.18665000915527344,0.5,0.6666666666666666,0.00272019157508675
0.4,0.20000000298023224,0.5,0.5625,0.18665000915527344,0.5,0.6666666666666666,0.004028610904877511
0.4,0.20000000298023224,0.5,0.5625,0.18665000915527344,0.5,0.6666666666666666,0.004105885969815089
0.4,0.20000000298023224,0.5,0.5625,0.18665000915527344,0.5,0.6666666666666666,0.004779642160102977
0.4,0.20000000298023224,0.5,0.5625,0.18665000915527344,0.5,0.6666666666666666,0.004907225371047676
0.4,0.20000000298023224,0.5,0.5625,0.18665000915527344,0.5,0.6666666666666666,0.004723839517901597
0.4,0.20000000298023224,0.5,0.5625,0.18665000915527344,0.5,0.6666666666666666,0.004537809883773415
0.4,0.20000000298023224,0.5,0.5625,0.18665000915527344,0.5,0.6666666666666666,0.0028835415757175126
0.4,0.20000000298023224,0.5,0.5625,0.18665000915527344,0.5,0.6666666666666666,0.003426479450107404
0.4,0.20000000298023224,0.5,0.5625,0.18665000915527344,0.5,0.6666666666666666,0.004523251791766101
0.4,0.20000000298023224,0.5,0.5625,0.18665000915527344,0.5,0.6666666666666666,0.0048077357983242084
0.4,0.20000000298023224,0.5,0.5625,0.18665000915527344,0.5,0.6666666666666666,0.00521809543731336
0.4,0.20000000298023224,0.5,0.5625,0.18665000915527344,0.5,0.6666666666666666,0.005435618552969678
0.4,0.20000000298023224,0.5,0.5625,0.18665000915527344,0.5,0.6666666666666666,0.004725128667539271
0.4,0.20000000298023224,1.0,0.5625,0.20665000915527343,0.5,0.6666666666666666,0.06388374604396899
0.4,0.20000000298023224,1.0,0.5625,0.20665000915527343,0.5,0.6666666666666666,0.06784082349767019
0.4,0.20000000298023224,1.0,0.5625,0.20665000915527343,0.5,0.6666666666666666,0.0352718047143892
0.4,0.20000000298023224,1.0,0.5625,0.20665000915527343,0.5,0.6666666666666666,0.030487199568523818
0.4,0.20000000298023224,1.0,0.5625,0.20665000915527343,0.5,0.6666666666666666,0.025902288621050696
0.4,0.20000000298023224,1.0,0.5625,0.20665000915527343,0.5,0.6666666666666666,0.02762554519704615
0.4,0.20000000298023224,1.0,0.5625,0.20665000915527343,0.5,0.6666666666666666,0.02951831078951925
0.4,0.20000000298023224,1.0,0.5625,0.20665000915527343,0.5,0.6666666666666666,0.08805160310339008
0.4,0.20000000298023224,1.0,0.5625,0.20665000915527343,0.5,0.6666666666666666,0.03414973129446443
0.4,0.20000000298023224,1.0,0.5625,0.20665000915527343,0.5,0.6666666666666666,0.029739555054213735
0.4,0.20000000298023224,1.0,0.5625,0.20665000915527343,0.5,0.6666666666666666,0.026639803071638997
0.4,0.20000000298023224,1.0,0.5625,0.20665000915527343,0.5,0.6666666666666666,0.02407375550365592
0.4,0.20000000298023224,1.0,0.5625,0.20665000915527343,0.5,0.6666666666666666,0.024386368773645074
0.4,0.20000000298023224,1.0,0.5625,0.20665000915527343,0.5,0.6666666666666666,0.02340561954167221
0.4,0.20000000298023224,1.0,0.5625,0.20665000915527343,0.5,0.6666666666666666,0.04108811248086402
0.4,0.20000000298023224,1.0,0.5625,0.20665000915527343,0.5,0.6666666666666666,0.022320435979519344
0.4,0.20000000298023224,1.0,0.5625,0.20665000915527343,0.5,0.6666666666666666,0.016028766431879626
0.4,0.20000000298023224,1.0,0.5625,0.20665000915527343,0.5,0.6666666666666666,0.014872900475280221
0.4,0.20000000298023224,1.0,0.5625,0.20665000915527343,0.5,0.6666666666666666,0.018367401452882192
0.4,0.20000000298023224,1.0,0.5625,0.20665000915527343,0.5,0.6666666666666666,0.013449173427993845
0.4,0.20000000298023224,1.0,0.5625,0.20665000915527343,0.5,0.6666666666666666,0.014765202648559314
0.4,0.20000000298023224,1.0,0.5625,0.20665000915527343,0.5,0.6666666666666666,0.04959981425425634
0.4,0.20000000298023224,1.0,0.5625,0.20665000915527343,0.5,0.6666666666666666,0.018809578752625088
0.4,0.20000000298023224,1.0,0.5625,0.20665000915527343,0.5,0.6666666666666666,0.014041945616171435
0.4,0.20000000298023224,1.0,0.5625,0.20665000915527343,0.5,0.6666666666666666,0.01498386043836207
0.4,0.20000000298023224,1.0,0.5625,0.20665000915527343,0.5,0.6666666666666666,0.01189125501426054
0.4,0.20000000298023224,1.0,0.5625,0.20665000915527343,0.5,0.6666666666666666,0.01219534782337699
0.4,0.20000000298023224,1.0,0.5625,0.20665000915527343,0.5,0.6666666666666666,0.012269310858542694
0.4,0.20000000298023224,1.0,0.5625,0.20665000915527343,0.5,0.6666666666666666,0.015832148840607196
0.4,0.20000000298023224,1.0,0.5625,0.20665000915527343,0.5,0.6666666666666666,0.01404524974024089
0.4,0.20000000298023224,1.0,0.5625,0.20665000915527343,0.5,0.6666666666666666,0.01235690880284996
0.4,0.20000000298023224,1.0,0.5625,0.20665000915527343,0.5,0.6666666666666666,0.01257464810148907
0.4,0.20000000298023224,1.0,0.5625,0.20665000915527343,0.5,0.6666666666666666,0.012771429519966288
0.4,0.20000000298023224,1.0,0.5625,0.20665000915527343,0.5,0.6666666666666666,0.012770113176286478
0.4,0.20000000298023224,1.0,0.5625,0.20665000915527343,0.5,0.6666666666666666,0.01179768929395421
0.4,0.20000000298023224,1.0,0.5625,0.20665000915527343,0.5,0.6666666666666666,0.03148390888446931
0.4,0.20000000298023224,1.0,0.5625,0.20665000915527343,0.5,0.6666666666666666,0.01949978901812696
0.4,0.20000000298023224,1.0,0.5625,0.20665000915527343,0.5,0.6666666666666666,0.015667878027834533
0.4,0.20000000298023224,1.0,0.5625,0.20665000915527343,0.5,0.6666666666666666,0.0166457604750312
0.4,0.20000000298023224,1.0,0.5625,0.20665000915527343,0.5,0.6666666666666666,0.014515775108723188
0.4,0.20000000298023224,1.0,0.5625,0.20665000915527343,0.5,0.6666666666666666,0.014755208280251345
0.4,0.20000000298023224,1.0,0.5625,0.20665000915527343,0.5,0.6666666666666666,0.014419938978662056
0.4,0.20000000298023224,1.0,1.0,0.1875,0.5,0.6666666666666666,0.015790533225736952
0.4,0.20000000298023224,1.0,1.0,0.1875,0.5,0.6666666666666666,0.47194552552747443
0.4,0.20000000298023224,1.0,1.0,0.1875,0.5,0.6666666666666666,0.009617022939830877
0.4,0.20000000298023224,1.0,1.0,0.1875,0.5,0.6666666666666666,0.008428713785417147
0.4,0.20000000298023224,1.0,1.0,0.1875,0.5,0.6666666666666666,0.008542454119770233
0.4,0.20000000298023224,1.0,1.0,0.1875,0.5,0.6666666666666666,0.008635294027002482
0.4,0.20000000298023224,1.0,1.0,0.1875,0.5,0.6666666666666666,0.010573918351953409
0.4,0.20000000298023224,1.0,1.0,0.1875,0.5,0.6666666666666666,0.009253651079669089
0.4,0.20000000298023224,1.0,1.0,0.1875,0.5,0.6666666666666666,0.01001105800452051
0.4,0.20000000298023224,1.0,1.0,0.1875,0.5,0.6666666666666666,0.010816748662311242
0.4,0.20000000298023224,1.0,1.0,0.1875,0.5,0.6666666666666666,0.013531266390231222
0.4,0.20000000298023224,1.0,1.0,0.1875,0.5,0.6666666666666666,0.008538401225904406
0.4,0.20000000298023224,1.0,1.0,0.1875,0.5,0.6666666666666666,0.0075164715661506344
0.4,0.20000000298023224,1.0,1.0,0.1875,0.5,0.6666666666666666,0.009968515277516434
0.4,0.20000000298023224,1.0,1.0,0.1875,0.5,0.6666666666666666,0.008251133942731888
0.4,0.20000000298023224,1.0,1.0,0.1875,0.5,0.6666666666666666,0.008380527776788129
0.4,0.20000000298023224,1.0,1.0,0.1875,0.5,0.6666666666666666,0.010530646542470849
0.4,0.20000000298023224,1.0,1.0,0.1875,0.5,0.6666666666666666,0.008835436598204599
0.4,0.20000000298023224,1.0,1.0,0.1875,0.5,0.6666666666666666,0.008354385564886593
0.4,0.20000000298023224,1.0,1.0,0.1875,0.5,0.6666666666666666,0.008861160315823928
0.4,0.20000000298023224,1.0,0.5625,0.19665000915527345,0.5,0.6666666666666666,0.04596367821582692
0.4,0.20000000298023224,1.0,0.5625,0.19665000915527345,0.5,0.6666666666666666,0.030262903883122614
0.4,0.20000000298023224,1.0,0.5625,0.19665000915527345,0.5,0.6666666666666666,0.025019363868001264
0.4,0.20000000298023224,1.0,0.5625,0.19665000915527345,0.5,0.6666666666666666,0.01807236659904102
0.4,0.20000000298023224,1.0,0.5625,0.19665000915527345,0.5,0.6666666666666666,0.01600142016420939
0.4,0.20000000298023224,1.0,0.5625,0.19665000915527345,0.5,0.6666666666666666,0.015545858534900623
0.4,0.20000000298023224,1.0,0.5625,0.19665000915527345,0.5,0.6666666666666666,0.013796314047940973
0.4,0.20000000298023224,1.0,0.5625,0.19665000915527345,0.5,0.6666666666666666,0.03696928140802503
0.4,0.20000000298023224,1.0,0.5625,0.19665000915527345,0.5,0.6666666666666666,0.018862445624151517
0.4,0.20000000298023224,1.0,0.5625,0.19665000915527345,0.5,0.6666666666666666,0.013934305738103924
0.4,0.20000000298023224,1.0,0.5625,0.19665000915527345,0.5,0.6666666666666666,0.013884022914938631
0.4,0.20000000298023224,1.0,0.5625,0.19665000915527345,0.5,0.6666666666666666,0.012959625269760976
0.4,0.20000000298023224,1.0,0.5625,0.19665000915527345,0.5,0.6666666666666666,0.012989462951787711
0.4,0.20000000298023224,1.0,0.5625,0.19665000915527345,0.5,0.6666666666666666,0.013320244830754934
0.4,0.20000000298023224,1.0,0.5625,0.19665000915527345,0.5,0.6666666666666666,0.0684671231356402
0.4,0.20000000298023224,1.0,0.5625,0.19665000915527345,0.5,0.6666666666666666,0.014675256399607883
0.4,0.20000000298023224,1.0,0.5625,0.19665000915527345,0.5,0.6666666666666666,0.014428362436057513
0.4,0.20000000298023224,1.0,0.5625,0.19665000915527345,0.5,0.6666666666666666,0.013799423022061144
0.4,0.20000000298023224,1.0,0.5625,0.19665000915527345,0.5,0.6666666666666666,0.014361841385085602
0.4,0.20000000298023224,1.0,0.5625,0.19665000915527345,0.5,0.6666666666666666,0.01434287921965112
0.4,0.20000000298023224,1.0,0.5625,0.19665000915527345,0.5,0.6666666666666666,0.01370273206800334
0.4,0.20000000298023224,1.0,0.5625,0.19665000915527345,0.5,0.6666666666666666,0.022996968158193676
0.4,0.20000000298023224,1.0,0.5625,0.19665000915527345,0.5,0.6666666666666666,0.014392241333417965
0.4,0.20000000298023224,1.0,0.5625,0.19665000915527345,0.5,0.6666666666666666,0.014061081338800725
0.4,0.20000000298023224,1.0,0.5625,0.19665000915527345,0.5,0.6666666666666666,0.012108501937853714
0.4,0.20000000298023224,1.0,0.5625,0.19665000915527345,0.5,0.6666666666666666,0.016414620275383564
0.4,0.20000000298023224,1.0,0.5625,0.19665000915527345,0.5,0.6666666666666666,0.016021605608600678
0.4,0.20000000298023224,1.0,0.5625,0.19665000915527345,0.5,0.6666666666666666,0.015572954976225644
0.4,0.20000000298023224,1.0,0.5625,0.19665000915527345,0.5,0.6666666666666666,0.019157914674720285
0.4,0.20000000298023224,1.0,0.5625,0.19665000915527345,0.5,0.6666666666666666,0.01654481428563894
0.4,0.20000000298023224,1.0,0.5625,0.19665000915527345,0.5,0.6666666666666666,0.016039537279851603
0.4,0.20000000298023224,1.0,0.5625,0.19665000915527345,0.5,0.6666666666666666,0.016694090164039964
0.4,0.20000000298023224,1.0,0.5625,0.19665000915527345,0.5,0.6666666666666666,0.016927141117117843
0.4,0.20000000298023224,1.0,0.5625,0.19665000915527345,0.5,0.6666666666666666,0.01675354770110499
0.4,0.20000000298023224,1.0,0.5625,0.19665000915527345,0.5,0.6666666666666666,0.016172232366672458
0.4,0.20000000298023224,1.0,0.5625,0.19665000915527345,0.5,0.6666666666666666,0.019778075500759953
0.4,0.20000000298023224,1.0,0.5625,0.19665000915527345,0.5,0.6666666666666666,0.016379579192301486
0.4,0.20000000298023224,1.0,0.5625,0.19665000915527345,0.5,0.6666666666666666,0.019557192393347526
0.4,0.20000000298023224,1.0,0.5625,0.19665000915527345,0.5,0.6666666666666666,0.019427654093728316
0.4,0.20000000298023224,1.0,0.5625,0.19665000915527345,0.5,0.6666666666666666,0.020095454595322727
0.4,0.20000000298023224,1.0,0.5625,0.19665000915527345,0.5,0.6666666666666666,0.015666092201503768
0.4,0.20000000298023224,0.5,0.5625,0.195,0.5,0.6666666666666666,0.0017975428430984817
0.4,0.20000000298023224,0.5,0.5625,0.195,0.5,0.6666666666666666,0.0034805198675799125
0.4,0.20000000298023224,0.5,0.5625,0.195,0.5,0.6666666666666666,0.002519879516844273
0.4,0.20000000298023224,0.5,0.5625,0.195,0.5,0.6666666666666666,0.00389889018187375
0.4,0.20000000298023224,0.5,0.5625,0.195,0.5,0.6666666666666666,0.002573398007313644
0.4,0.20000000298023224,0.5,0.5625,0.195,0.5,0.6666666666666666,0.003136975127759818
0.4,0.20000000298023224,0.5,0.5625,0.195,0.5,0.6666666666666666,0.0022190546041415283
0.4,0.20000000298023224,0.5,0.5625,0.195,0.5,0.6666666666666666,0.0026817380499967727
0.4,0.20000000298023224,0.5,0.5625,0.195,0.5,0.6666666666666666,0.0043250591475111335
0.4,0.20000000298023224,0.5,0.5625,0.195,0.5,0.6666666666666666,0.003632785856674736
0.4,0.20000000298023224,0.5,0.5625,0.195,0.5,0.6666666666666666,0.0027145767131772436
0.4,0.20000000298023224,0.5,0.5625,0.195,0.5,0.6666666666666666,0.004101072848516654
0.4,0.20000000298023224,0.5,0.5625,0.195,0.5,0.6666666666666666,0.0018280539114231492
0.4,0.20000000298023224,0.5,0.5625,0.195,0.5,0.6666666666666666,0.004047464748577412
0.4,0.20000000298023224,0.5,0.5625,0.195,0.5,0.6666666666666666,0.003969509708607967
0.4,0.20000000298023224,0.5,0.5625,0.195,0.5,0.6666666666666666,0.005172397404843946
0.4,0.20000000298023224,0.5,0.5625,0.195,0.5,0.6666666666666666,0.0028864615817778007
0.4,0.20000000298023224,0.5,0.5625,0.195,0.5,0.6666666666666666,0.0031266774906246264
0.4,0.20000000298023224,0.5,0.5625,0.195,0.5,0.6666666666666666,0.002070381074887626
0.4,0.20000000298023224,0.5,0.5625,0.195,0.5,0.6666666666666666,0.00394813262183767
0.4,0.20000000298023224,0.5,0.5625,0.195,0.5,0.6666666666666666,0.002523600140337487
0.4,0.20000000298023224,0.5,0.5625,0.195,0.5,0.6666666666666666,0.004233271072230627
0.4,0.20000000298023224,0.5,0.5625,0.195,0.5,0.6666666666666666,0.004528661678116786
0.4,0.20000000298023224,0.5,0.5625,0.195,0.5,0.6666666666666666,0.004043492363652683
0.4,0.20000000298023224,0.5,0.5625,0.195,0.5,0.6666666666666666,0.004300625515694276
0.4,0.20000000298023224,0.5,0.5625,0.195,0.5,0.6666666666666666,0.004527637077526973
0.4,0.20000000298023224,0.5,0.5625,0.195,0.5,0.6666666666666666,0.004671425297749323
0.4,0.20000000298023224,0.5,0.5625,0.195,0.5,0.6666666666666666,0.005067473726176448
0.4,0.20000000298023224,0.5,0.5625,0.195,0.5,0.6666666666666666,0.0036269111946568315
0.4,0.20000000298023224,0.5,0.5625,0.195,0.5,0.6666666666666666,0.005000082341093602
0.4,0.20000000298023224,0.5,0.5625,0.195,0.5,0.6666666666666666,0.0032442710377958654
0.4,0.20000000298023224,0.5,0.5625,0.195,0.5,0.6666666666666666,0.0019490504686626193
0.4,0.20000000298023224,1.0,0.5625,0.19665000915527345,0.5,0.6666666666666666,0.02066771734330341
0.4,0.20000000298023224,1.0,0.5625,0.19665000915527345,0.5,0.6666666666666666,0.009461124707884471
0.4,0.20000000298023224,1.0,0.5625,0.19665000915527345,0.5,0.6666666666666666,0.006046149098283598
0.4,0.20000000298023224,1.0,0.5625,0.19665000915527345,0.5,0.6666666666666666,0.005746587014393803
0.4,0.20000000298023224,1.0,0.5625,0.19665000915527345,0.5,0.6666666666666666,0.02420888099616094
0.4,0.20000000298023224,1.0,0.5625,0.19665000915527345,0.5,0.6666666666666666,0.006467833906600287
0.4,0.20000000298023224,1.0,0.5625,0.19665000915527345,0.5,0.6666666666666666,0.00590215693776363
0.4,0.20000000298023224,1.0,0.5625,0.19665000915527345,0.5,0.6666666666666666,0.008051534391383345
0.4,0.20000000298023224,1.0,0.5625,0.19665000915527345,0.5,0.6666666666666666,0.006268943988651207
0.4,0.20000000298023224,1.0,0.5625,0.19665000915527345,0.5,0.6666666666666666,0.006344454466461813
0.4,0.20000000298023224,1.0,0.5625,0.19665000915527345,0.5,0.6666666666666666,0.006604151574864291
0.4,0.20000000298023224,1.0,0.5625,0.19665000915527345,0.5,0.6666666666666666,0.006779622836744213
0.4,0.20000000298023224,1.0,0.5625,0.19665000915527345,0.5,0.6666666666666666,0.006808342821361319
0.4,0.20000000298023224,1.0,0.5625,0.19665000915527345,0.5,0.6666666666666666,0.006510692644328426
0.4,0.20000000298023224,1.0,0.5625,0.19665000915527345,0.5,0.6666666666666666,0.007279544664888944
0.4,0.20000000298023224,1.0,0.5625,0.19665000915527345,0.5,0.6666666666666666,0.006964092077325009
0.4,0.20000000298023224,1.0,0.5625,0.19665000915527345,0.5,0.6666666666666666,0.00727496499004212
0.4,0.20000000298023224,1.0,0.5625,0.19665000915527345,0.5,0.6666666666666666,0.007754580688045971
0.4,0.20000000298023224,1.0,0.5625,0.19665000915527345,0.5,0.6666666666666666,0.008150174611999194
0.4,0.20000000298023224,1.0,0.5625,0.19665000915527345,0.5,0.6666666666666666,0.007848417515985438
0.4,0.20000000298023224,1.0,0.5625,0.19665000915527345,0.5,0.6666666666666666,0.007819172317455401
0.4,0.20000000298023224,1.0,0.5625,0.19665000915527345,0.5,0.6666666666666666,0.009090027577261824
0.4,0.20000000298023224,1.0,0.5625,0.19665000915527345,0.5,0.6666666666666666,0.008175845880245535
0.4,0.20000000298023224,1.0,0.5625,0.19665000915527345,0.5,0.6666666666666666,0.008458519342544314
0.4,0.20000000298023224,1.0,0.5625,0.19665000915527345,0.5,0.6666666666666666,0.008731646308265237
0.4,0.20000000298023224,1.0,0.5625,0.19665000915527345,0.5,0.6666666666666666,0.008884764340628048
0.4,0.20000000298023224,1.0,0.5625,0.19665000915527345,0.5,0.6666666666666666,0.008827147446269494
0.4,0.20000000298023224,1.0,0.5625,0.19665000915527345,0.5,0.6666666666666666,0.00876506747290718
0.4,0.20000000298023224,1.0,0.5625,0.19665000915527345,0.5,0.6666666666666666,0.009652753732975479
0.4,0.20000000298023224,1.0,0.5625,0.19665000915527345,0.5,0.6666666666666666,0.008143668920267032
0.4,0.20000000298023224,1.0,0.5625,0.19665000915527345,0.5,0.6666666666666666,0.0088531039259515
0.4,0.20000000298023224,1.0,0.5625,0.19665000915527345,0.5,0.6666666666666666,0.009362070312558342
0.4,0.20000000298023224,1.0,0.5625,0.19665000915527345,0.5,0.6666666666666666,0.009937373732933314
0.4,0.20000000298023224,1.0,0.5625,0.19665000915527345,0.5,0.6666666666666666,0.009677014461211803
0.4,0.20000000298023224,1.0,0.5625,0.19665000915527345,0.5,0.6666666666666666,0.009872158103397678
0.4,0.20000000298023224,1.0,0.5625,0.19665000915527345,0.5,0.6666666666666666,0.009977392266996746
0.4,0.20000000298023224,1.0,0.5625,0.19665000915527345,0.5,0.6666666666666666,0.008769820027474047
0.4,0.20000000298023224,1.0,0.5625,0.19665000915527345,0.5,0.6666666666666666,0.009430107985262967
0.4,0.20000000298023224,1.0,0.5625,0.19665000915527345,0.5,0.6666666666666666,0.010037682281079355
0.4,0.20000000298023224,1.0,0.5625,0.19665000915527345,0.5,0.6666666666666666,0.010111852746042545
0.4,0.20000000298023224,1.0,0.5625,0.19665000915527345,0.5,0.6666666666666666,0.009913160122904765
0.4,0.20000000298023224,1.0,0.5625,0.19665000915527345,0.5,0.6666666666666666,0.010085781562450505
0.4,0.20000000298023224,0.5,0.5625,0.19665000915527345,0.5,0.6666666666666666,0.0032357787830009956
0.4,0.20000000298023224,0.5,0.5625,0.19665000915527345,0.5,0.6666666666666666,0.0061802369913225835
0.4,0.20000000298023224,0.5,0.5625,0.19665000915527345,0.5,0.6666666666666666,0.005651959111577171
0.4,0.20000000298023224,0.5,0.5625,0.19665000915527345,0.5,0.6666666666666666,0.0051505916719767255
0.4,0.20000000298023224,0.5,0.5625,0.19665000915527345,0.5,0.6666666666666666,0.004870477898104994
0.4,0.20000000298023224,0.5,0.5625,0.19665000915527345,0.5,0.6666666666666666,0.004726401277019118
0.4,0.20000000298023224,0.5,0.5625,0.19665000915527345,0.5,0.6666666666666666,0.004451893547746326
0.4,0.20000000298023224,0.5,0.5625,0.19665000915527345,0.5,0.6666666666666666,0.004439792369606668
0.4,0.20000000298023224,0.5,0.5625,0.19665000915527345,0.5,0.6666666666666666,0.005560800996334028
0.4,0.20000000298023224,0.5,0.5625,0.19665000915527345,0.5,0.6666666666666666,0.00488968713397484
0.4,0.20000000298023224,0.5,0.5625,0.19665000915527345,0.5,0.6666666666666666,0.00470468767102498
0.4,0.20000000298023224,0.5,0.5625,0.19665000915527345,0.5,0.6666666666666666,0.004194984730916701
0.4,0.20000000298023224,0.5,0.5625,0.19665000915527345,0.5,0.6666666666666666,0.0036743036791257897
0.4,0.20000000298023224,0.5,0.5625,0.19665000915527345,0.5,0.6666666666666666,0.003352422983420676
0.4,0.20000000298023224,0.5,0.5625,0.19665000915527345,0.5,0.6666666666666666,0.0036745589578302943
0.4,0.20000000298023224,0.5,0.5625,0.19665000915527345,0.5,0.6666666666666666,0.004850253115469787
0.4,0.20000000298023224,0.5,0.5625,0.19665000915527345,0.5,0.6666666666666666,0.00487640898418744
0.4,0.20000000298023224,0.5,0.5625,0.19665000915527345,0.5,0.6666666666666666,0.004731182716342493
0.4,0.20000000298023224,0.5,0.5625,0.19665000915527345,0.5,0.6666666666666666,0.004489870258598529
0.4,0.20000000298023224,0.5,0.5625,0.19665000915527345,0.5,0.6666666666666666,0.004311067523858675
0.4,0.20000000298023224,0.5,0.5625,0.19665000915527345,0.5,0.6666666666666666,0.0038324186439278166
0.4,0.20000000298023224,0.5,0.5625,0.19665000915527345,0.5,0.6666666666666666,0.0048731116206578605
0.4,0.20000000298023224,0.5,0.5625,0.19665000915527345,0.5,0.6666666666666666,0.006212078065152913
0.4,0.20000000298023224,0.5,0.5625,0.19665000915527345,0.5,0.6666666666666666,0.006370433855838799
0.4,0.20000000298023224,0.5,0.5625,0.19665000915527345,0.5,0.6666666666666666,0.007040677784852095
0.4,0.20000000298023224,0.5,0.5625,0.19665000915527345,0.5,0.6666666666666666,0.007064280422128053
0.4,0.20000000298023224,0.5,0.5625,0.19665000915527345,0.5,0.6666666666666666,0.006588716501471186
0.4,0.20000000298023224,0.5,0.5625,0.19665000915527345,0.5,0.6666666666666666,0.0071116757537861884
0.4,0.20000000298023224,0.5,0.5625,0.19665000915527345,0.5,0.6666666666666666,0.006744285432313858
0.4,0.20000000298023224,0.5,0.5625,0.19665000915527345,0.5,0.6666666666666666,0.008334685914316914
0.4,0.20000000298023224,0.5,0.5625,0.19665000915527345,0.5,0.6666666666666666,0.007802973969845252
0.4,0.20000000298023224,0.5,0.5625,0.19665000915527345,0.5,0.6666666666666666,0.008770753108678694
0.4,0.20000000298023224,0.5,0.5625,0.19665000915527345,0.5,0.6666666666666666,0.0075837331193547
0.4,0.20000000298023224,0.5,0.5625,0.19665000915527345,0.5,0.6666666666666666,0.008217161067561856
0.4,0.20000000298023224,0.5,0.5625,0.19665000915527345,0.5,0.6666666666666666,0.008575619869257551
0.4,0.20000000298023224,0.5,0.5625,0.19665000915527345,0.5,0.6666666666666666,0.006780414399951049
0.4,0.20000000298023224,0.5,0.5625,0.19665000915527345,0.5,0.6666666666666666,0.007128066605180373
0.4,0.20000000298023224,0.5,0.5625,0.19665000915527345,0.5,0.6666666666666666,0.006122054540471003
0.4,0.20000000298023224,0.5,0.5625,0.19665000915527345,0.5,0.6666666666666666,0.0070269153183661354
0.4,0.20000000298023224,0.5,0.5625,0.19665000915527345,0.5,0.6666666666666666,0.007531833128570621
0.4,0.20000000298023224,0.5,0.5625,0.19665000915527345,0.5,0.6666666666666666,0.0075617725579947585
0.4,0.20000000298023224,0.5,0.5625,0.19665000915527345,0.5,0.6666666666666666,0.007700898670003547
0.4,0.20000000298023224,0.5,0.5625,0.19665000915527345,0.5,0.6666666666666666,0.0071619147456643785
0.4,0.20000000298023224,0.5,0.5625,0.19665000915527345,0.5,0.6666666666666666,0.008652849448100165
0.4,0.20000000298023224,0.5,0.5625,0.19665000915527345,0.5,0.6666666666666666,0.00827431531237585
0.4,0.20000000298023224,0.5,0.5625,0.19665000915527345,0.5,0.6666666666666666,0.009014791007052355
0.4,0.20000000298023224,0.5,0.5625,0.19665000915527345,0.5,0.6666666666666666,0.009791239486985605
0.4,0.20000000298023224,0.5,0.5625,0.19665000915527345,0.5,0.6666666666666666,0.008930177546664374
0.4,0.20000000298023224,0.5,0.5625,0.19665000915527345,0.5,0.6666666666666666,0.008217869998673362
0.4,0.20000000298023224,0.5,0.5625,0.19665000915527345,0.5,0.6666666666666666,0.007304577246735591
0.4,0.20000000298023224,0.5,0.5625,0.19665000915527345,0.5,0.6666666666666666,0.00998590538387607
0.4,0.20000000298023224,0.5,0.5625,0.19665000915527345,0.5,0.6666666666666666,0.01022698966730639
0.4,0.20000000298023224,0.5,0.5625,0.19665000915527345,0.5,0.6666666666666666,0.010819735880615166
0.4,0.20000000298023224,0.5,0.5625,0.19665000915527345,0.5,0.6666666666666666,0.011222921790685724
0.4,0.20000000298023224,0.5,0.5625,0.19665000915527345,0.5,0.6666666666666666,0.0083604250336526
0.4,0.20000000298023224,0.5,0.5625,0.19665000915527345,0.5,0.6666666666666666,0.0076459218973435675
0.4,0.20000000298023224,0.5,0.5625,0.19665000915527345,0.5,0.6666666666666666,0.006268402473883792
0.4,0.20000000298023224,0.5,0.5625,0.19665000915527345,0.5,0.6666666666666666,0.007844193188784652
0.4,0.20000000298023224,0.5,0.5625,0.19665000915527345,0.5,0.6666666666666666,0.006427879216414557
0.4,0.20000000298023224,0.5,0.5625,0.19665000915527345,0.5,0.6666666666666666,0.005395582330087632
0.4,0.20000000298023224,0.5,0.5625,0.19665000915527345,0.5,0.6666666666666666,0.005877233598267335
0.4,0.20000000298023224,0.5,0.5625,0.19665000915527345,0.5,0.6666666666666666,0.005852296829351667
0.4,0.20000000298023224,0.5,0.5625,0.19665000915527345,0.5,0.6666666666666666,0.005687023130925011
0.4,0.20000000298023224,0.5,0.5625,0.19665000915527345,0.5,0.6666666666666666,0.006067727425995111
0.4,0.20000000298023224,0.5,0.5625,0.19665000915527345,0.5,0.6666666666666666,0.010001088690590878
0.4,0.20000000298023224,1.0,0.5625,0.19915000915527345,0.5,0.6666666666666666,0.018028638850474094
0.4,0.20000000298023224,1.0,0.5625,0.19915000915527345,0.5,0.6666666666666666,0.02053432061809228
0.4,0.20000000298023224,1.0,0.5625,0.19915000915527345,0.5,0.6666666666666666,0.02129703899544459
0.4,0.20000000298023224,1.0,0.5625,0.19915000915527345,0.5,0.6666666666666666,0.021454930557804584
0.4,0.20000000298023224,1.0,0.5625,0.19915000915527345,0.5,0.6666666666666666,0.020985916585617374
0.4,0.20000000298023224,1.0,0.5625,0.19915000915527345,0.5,0.6666666666666666,0.02213428822523633
0.4,0.20000000298023224,1.0,0.5625,0.19915000915527345,0.5,0.6666666666666666,0.020473990548100125
0.4,0.20000000298023224,1.0,0.5625,0.19915000915527345,0.5,0.6666666666666666,0.024905586610490627
0.4,0.20000000298023224,1.0,0.5625,0.19915000915527345,0.5,0.6666666666666666,0.024666422514568746
0.4,0.20000000298023224,1.0,0.5625,0.19915000915527345,0.5,0.6666666666666666,0.020876796446564826
0.4,0.20000000298023224,1.0,0.5625,0.19915000915527345,0.5,0.6666666666666666,0.01982990210141291
0.4,0.20000000298023224,1.0,0.5625,0.19915000915527345,0.5,0.6666666666666666,0.020076971471664633
0.4,0.20000000298023224,1.0,0.5625,0.19915000915527345,0.5,0.6666666666666666,0.01716890301145416
0.4,0.20000000298023224,1.0,0.5625,0.19915000915527345,0.5,0.6666666666666666,0.01612914845732391
0.4,0.20000000298023224,1.0,0.5625,0.19915000915527345,0.5,0.6666666666666666,0.02362173540340206
0.4,0.20000000298023224,1.0,0.5625,0.19915000915527345,0.5,0.6666666666666666,0.018597413296544355
0.4,0.20000000298023224,1.0,0.5625,0.19915000915527345,0.5,0.6666666666666666,0.015045051539169987
0.4,0.20000000298023224,1.0,0.5625,0.19915000915527345,0.5,0.6666666666666666,0.01673315482191784
0.4,0.20000000298023224,1.0,0.5625,0.19915000915527345,0.5,0.6666666666666666,0.2428779377627466
0.4,0.20000000298023224,1.0,0.5625,0.18915000915527344,0.5,0.6666666666666666,0.019265260769763703
0.4,0.20000000298023224,1.0,0.5625,0.18915000915527344,0.5,0.6666666666666666,0.021553279188418664
0.4,0.20000000298023224,1.0,0.5625,0.18915000915527344,0.5,0.6666666666666666,0.021633317424902317
0.4,0.20000000298023224,1.0,0.5625,0.18915000915527344,0.5,0.6666666666666666,0.017750908784985392
0.4,0.20000000298023224,1.0,0.5625,0.18915000915527344,0.5,0.6666666666666666,0.017165560068270906
0.4,0.20000000298023224,1.0,0.5625,0.18915000915527344,0.5,0.6666666666666666,0.015950641290696628
0.4,0.20000000298023224,1.0,0.5625,0.18915000915527344,0.5,0.6666666666666666,0.017293725858832973
0.4,0.20000000298023224,1.0,0.5625,0.18915000915527344,0.5,0.6666666666666666,0.015290082789349799
0.4,0.20000000298023224,1.0,0.5625,0.18915000915527344,0.5,0.6666666666666666,0.013453498197143861
0.4,0.20000000298023224,1.0,0.5625,0.18915000915527344,0.5,0.6666666666666666,0.013645505195278665
0.4,0.20000000298023224,1.0,0.5625,0.18915000915527344,0.5,0.6666666666666666,0.015347461349757124
0.4,0.20000000298023224,1.0,0.5625,0.18915000915527344,0.5,0.6666666666666666,0.013543642568145737
0.4,0.20000000298023224,1.0,0.5625,0.18915000915527344,0.5,0.6666666666666666,0.011796952781861863
0.4,0.20000000298023224,1.0,0.5625,0.18915000915527344,0.5,0.6666666666666666,0.011398041311781291
0.4,0.20000000298023224,1.0,0.5625,0.18915000915527344,0.5,0.6666666666666666,0.015112826682887583
0.4,0.20000000298023224,1.0,0.5625,0.18915000915527344,0.5,0.6666666666666666,0.01389914922758143
0.4,0.20000000298023224,1.0,0.5625,0.18915000915527344,0.5,0.6666666666666666,0.012774835480053367
0.4,0.20000000298023224,1.0,0.5625,0.18915000915527344,0.5,0.6666666666666666,0.014921396229798914
0.4,0.20000000298023224,1.0,0.5625,0.18915000915527344,0.5,0.6666666666666666,0.016585444649156973
0.4,0.20000000298023224,1.0,0.5625,0.18915000915527344,0.5,0.6666666666666666,0.016374384297569423
0.4,0.20000000298023224,1.0,0.5625,0.18915000915527344,0.5,0.6666666666666666,0.015412705982905893
0.4,0.20000000298023224,1.0,0.5625,0.18915000915527344,0.5,0.6666666666666666,0.015665410848259908
0.4,0.20000000298023224,1.0,0.5625,0.18915000915527344,0.5,0.6666666666666666,0.013486083272132366
0.4,0.20000000298023224,1.0,0.5625,0.18915000915527344,0.5,0.6666666666666666,0.01239798809527294
0.4,0.20000000298023224,1.0,0.5625,0.18915000915527344,0.5,0.6666666666666666,0.01736040780656722
0.4,0.20000000298023224,1.0,0.5625,0.18915000915527344,0.5,0.6666666666666666,0.01735689307197654
0.4,0.20000000298023224,1.0,0.5625,0.18915000915527344,0.5,0.6666666666666666,0.015907980263500137
0.4,0.20000000298023224,1.0,0.5625,0.18915000915527344,0.5,0.6666666666666666,0.014026888718814755
0.4,0.20000000298023224,1.0,0.5625,0.18915000915527344,0.5,0.6666666666666666,0.015213564555039904
0.4,0.20000000298023224,1.0,0.5625,0.18915000915527344,0.5,0.6666666666666666,0.015135387226211838
0.4,0.20000000298023224,1.0,0.5625,0.18915000915527344,0.5,0.6666666666666666,0.012689637542388173
0.4,0.20000000298023224,1.0,0.5625,0.18915000915527344,0.5,0.6666666666666666,0.015599108381013308
0.4,0.20000000298023224,1.0,0.5625,0.18915000915527344,0.5,0.6666666666666666,0.01829610332081783
0.4,0.20000000298023224,1.0,0.5625,0.18915000915527344,0.5,0.6666666666666666,0.01684954171411805
0.4,0.20000000298023224,1.0,0.5625,0.18915000915527344,0.5,0.6666666666666666,0.015765206900292598
0.4,0.20000000298023224,1.0,0.5625,0.18915000915527344,0.5,0.6666666666666666,0.01514936209902729
0.4,0.20000000298023224,1.0,0.5625,0.18915000915527344,0.5,0.6666666666666666,0.016668850157378297
0.4,0.20000000298023224,1.0,0.5625,0.18915000915527344,0.5,0.6666666666666666,0.013439790437226628
0.4,0.20000000298023224,1.0,0.5625,0.18915000915527344,0.5,0.6666666666666666,0.017431351337988905
0.4,0.20000000298023224,1.0,0.5625,0.18915000915527344,0.5,0.6666666666666666,0.01854944906488432
0.4,0.20000000298023224,1.0,0.5625,0.18915000915527344,0.5,0.6666666666666666,0.017485650184381564
0.4,0.20000000298023224,1.0,0.5625,0.18915000915527344,0.5,0.6666666666666666,0.016501355153305374
0.4,0.20000000298023224,1.0,0.5625,0.19584999084472657,0.5,0.6666666666666666,0.04729040583658028
0.4,0.20000000298023224,1.0,0.5625,0.19584999084472657,0.5,0.6666666666666666,0.016629778000771433
0.4,0.20000000298023224,1.0,0.5625,0.19584999084472657,0.5,0.6666666666666666,0.014325135341356817
0.4,0.20000000298023224,1.0,0.5625,0.19584999084472657,0.5,0.6666666666666666,0.012207384049572743
0.4,0.20000000298023224,1.0,0.5625,0.19584999084472657,0.5,0.6666666666666666,0.011396209283425475
0.4,0.20000000298023224,1.0,0.5625,0.19584999084472657,0.5,0.6666666666666666,0.012032319474914824
0.4,0.20000000298023224,1.0,0.5625,0.19584999084472657,0.5,0.6666666666666666,0.01430698223058602
0.4,0.20000000298023224,1.0,0.5625,0.19584999084472657,0.5,0.6666666666666666,0.014075805566351464
0.4,0.20000000298023224,1.0,0.5625,0.19584999084472657,0.5,0.6666666666666666,0.01819970921955518
0.4,0.20000000298023224,1.0,0.5625,0.19584999084472657,0.5,0.6666666666666666,0.014243217340825561
0.4,0.20000000298023224,1.0,0.5625,0.19584999084472657,0.5,0.6666666666666666,0.015300999696259398
0.4,0.20000000298023224,1.0,0.5625,0.19584999084472657,0.5,0.6666666666666666,0.014765152768457832
0.4,0.20000000298023224,1.0,0.5625,0.19584999084472657,0.5,0.6666666666666666,0.01565524648114107
0.4,0.20000000298023224,1.0,0.5625,0.19584999084472657,0.5,0.6666666666666666,0.01658635898056045
0.4,0.20000000298023224,1.0,0.5625,0.19584999084472657,0.5,0.6666666666666666,0.05128064364711333
0.4,0.20000000298023224,1.0,0.5625,0.19584999084472657,0.5,0.6666666666666666,0.039889368147502983
0.4,0.20000000298023224,1.0,0.5625,0.19584999084472657,0.5,0.6666666666666666,0.03249711081569193
0.4,0.20000000298023224,1.0,0.5625,0.19584999084472657,0.5,0.6666666666666666,0.03227982397135221
0.4,0.20000000298023224,1.0,0.5625,0.19584999084472657,0.5,0.6666666666666666,0.02525145776945816
0.4,0.20000000298023224,1.0,0.5625,0.19584999084472657,0.5,0.6666666666666666,0.0249801156422411
0.4,0.20000000298023224,1.0,0.5625,0.19584999084472657,0.5,0.6666666666666666,0.026709128005895363
0.4,0.20000000298023224,1.0,0.5625,0.19584999084472657,0.5,0.6666666666666666,0.028821909628645358
0.4,0.20000000298023224,1.0,0.5625,0.19584999084472657,0.5,0.6666666666666666,0.033307719064258806
0.4,0.20000000298023224,1.0,0.5625,0.19584999084472657,0.5,0.6666666666666666,0.027237010385150494
0.4,0.20000000298023224,1.0,0.5625,0.19584999084472657,0.5,0.6666666666666666,0.03607712693536309
0.4,0.20000000298023224,1.0,0.5625,0.19584999084472657,0.5,0.6666666666666666,0.03490422279712081
0.4,0.20000000298023224,1.0,0.5625,0.19584999084472657,0.5,0.6666666666666666,0.031149767383772117
0.4,0.20000000298023224,1.0,0.5625,0.19584999084472657,0.5,0.6666666666666666,0.027079391476447542
0.4,0.20000000298023224,1.0,0.5625,0.19584999084472657,0.5,0.6666666666666666,0.036289273108835875
0.4,0.20000000298023224,1.0,0.5625,0.19584999084472657,0.5,0.6666666666666666,0.04261171693289614
0.4,0.20000000298023224,1.0,0.5625,0.19584999084472657,0.5,0.6666666666666666,0.03993294026852883
0.4,0.20000000298023224,1.0,0.5625,0.19584999084472657,0.5,0.6666666666666666,0.03491443513439745
0.4,0.20000000298023224,1.0,0.5625,0.19584999084472657,0.5,0.6666666666666666,0.040400411002116034
0.4,0.20000000298023224,1.0,0.5625,0.19584999084472657,0.5,0.6666666666666666,0.040984120010776406
0.4,0.20000000298023224,1.0,0.5625,0.19584999084472657,0.5,0.6666666666666666,0.03306715841892093
0.4,0.20000000298023224,1.0,0.5625,0.19584999084472657,0.5,0.6666666666666666,0.018833551986654668
0.4,0.20000000298023224,1.0,0.5625,0.19584999084472657,0.5,0.6666666666666666,0.018055312075990523
0.4,0.20000000298023224,1.0,0.5625,0.19584999084472657,0.5,0.6666666666666666,0.019137506750809555
0.4,0.20000000298023224,1.0,0.5625,0.19584999084472657,0.5,0.6666666666666666,0.013312198437269487
0.4,0.20000000298023224,1.0,0.5625,0.19584999084472657,0.5,0.6666666666666666,0.02542284052626797
0.4,0.20000000298023224,1.0,0.5625,0.19584999084472657,0.5,0.6666666666666666,0.02626168547324821
0.4,0.20000000298023224,1.0,0.5625,0.19584999084472657,0.5,0.6666666666666666,0.026915417648948777
0.4,0.20000000298023224,0.5,0.5625,0.19165000915527344,0.5,0.6666666666666666,0.011011305885793578
0.4,0.20000000298023224,0.5,0.5625,0.19165000915527344,0.5,0.6666666666666666,0.014518008766162181
0.4,0.20000000298023224,0.5,0.5625,0.19165000915527344,0.5,0.6666666666666666,0.014536136497230396
0.4,0.20000000298023224,0.5,0.5625,0.19165000915527344,0.5,0.6666666666666666,0.011628866135473136
0.4,0.20000000298023224,0.5,0.5625,0.19165000915527344,0.5,0.6666666666666666,0.007845629688218276
0.4,0.20000000298023224,0.5,0.5625,0.19165000915527344,0.5,0.6666666666666666,0.011194522290055185
0.4,0.20000000298023224,0.5,0.5625,0.19165000915527344,0.5,0.6666666666666666,0.002729915120366855
0.4,0.20000000298023224,0.5,0.5625,0.19165000915527344,0.5,0.6666666666666666,0.005822258224004695
0.4,0.20000000298023224,0.5,0.5625,0.19165000915527344,0.5,0.6666666666666666,0.00559487081787759
0.4,0.20000000298023224,0.5,0.5625,0.19165000915527344,0.5,0.6666666666666666,0.004700702116208814
0.4,0.20000000298023224,0.5,0.5625,0.19165000915527344,0.5,0.6666666666666666,0.005491237282196498
0.4,0.20000000298023224,0.5,0.5625,0.19165000915527344,0.5,0.6666666666666666,0.006817945103358642
0.4,0.20000000298023224,0.5,0.5625,0.19165000915527344,0.5,0.6666666666666666,0.009189389776766426
0.4,0.20000000298023224,0.5,0.5625,0.19165000915527344,0.5,0.6666666666666666,0.0033551386631275834
0.4,0.20000000298023224,0.5,0.5625,0.19165000915527344,0.5,0.6666666666666666,0.0067560383802605225
0.4,0.20000000298023224,0.5,0.5625,0.19165000915527344,0.5,0.6666666666666666,0.00831226774360406
0.4,0.20000000298023224,0.5,0.5625,0.19165000915527344,0.5,0.6666666666666666,0.007914991007682103
0.4,0.20000000298023224,0.5,0.5625,0.19165000915527344,0.5,0.6666666666666666,0.00897119369051953
0.4,0.20000000298023224,0.5,0.5625,0.19165000915527344,0.5,0.6666666666666666,0.009041101885911963
0.4,0.20000000298023224,0.5,0.5625,0.19165000915527344,0.5,0.6666666666666666,0.013141905804177881
0.4,0.20000000298023224,0.5,0.5625,0.19165000915527344,0.5,0.6666666666666666,0.0036590731936247596
0.4,0.20000000298023224,0.5,0.5625,0.19165000915527344,0.5,0.6666666666666666,0.007679499840436707
0.4,0.20000000298023224,0.5,0.5625,0.19165000915527344,0.5,0.6666666666666666,0.007547765007142404
0.4,0.20000000298023224,0.5,0.5625,0.19165000915527344,0.5,0.6666666666666666,0.009481112684695245
0.4,0.20000000298023224,0.5,0.5625,0.19165000915527344,0.5,0.6666666666666666,0.010257712470984491
0.4,0.20000000298023224,0.5,0.5625,0.19165000915527344,0.5,0.6666666666666666,0.012568192771242168
0.4,0.20000000298023224,0.5,0.5625,0.19165000915527344,0.5,0.6666666666666666,0.011652179171507347
0.4,0.20000000298023224,0.5,0.5625,0.19165000915527344,0.5,0.6666666666666666,0.005216214228479056
0.4,0.20000000298023224,0.5,0.5625,0.19165000915527344,0.5,0.6666666666666666,0.010176370653244289
0.4,0.20000000298023224,0.5,0.5625,0.19165000915527344,0.5,0.6666666666666666,0.012767287985250049
0.4,0.20000000298023224,0.5,0.5625,0.19165000915527344,0.5,0.6666666666666666,0.012531938412800226
0.4,0.20000000298023224,0.5,0.5625,0.19165000915527344,0.5,0.6666666666666666,0.011749984799741776
0.4,0.20000000298023224,0.5,0.5625,0.19165000915527344,0.5,0.6666666666666666,0.011836646146317074
0.4,0.20000000298023224,0.5,0.5625,0.19165000915527344,0.5,0.6666666666666666,0.013586233148905115
0.4,0.20000000298023224,0.5,0.5625,0.19165000915527344,0.5,0.6666666666666666,0.0038348157843946513
0.4,0.20000000298023224,0.5,0.5625,0.19165000915527344,0.5,0.6666666666666666,0.008983483805284395
0.4,0.20000000298023224,0.5,0.5625,0.19165000915527344,0.5,0.6666666666666666,0.01037763280670804
0.4,0.20000000298023224,0.5,0.5625,0.19165000915527344,0.5,0.6666666666666666,0.009797819532327515
0.4,0.20000000298023224,0.5,0.5625,0.19165000915527344,0.5,0.6666666666666666,0.009907999210196805
0.4,0.20000000298023224,0.5,0.5625,0.19165000915527344,0.5,0.6666666666666666,0.010879833248848355
0.4,0.20000000298023224,0.5,0.5625,0.19165000915527344,0.5,0.6666666666666666,0.012277861301978285
0.4,0.20000000298023224,0.5,0.5625,0.19165000915527344,0.5,0.6666666666666666,0.002758707956466686
0.4,0.20000000298023224,0.5,0.5625,0.19165000915527344,0.5,0.6666666666666666,0.0048891374307066925
0.4,0.20000000298023224,0.5,0.5625,0.19165000915527344,0.5,0.6666666666666666,0.005729166966739556
0.4,0.20000000298023224,0.5,0.5625,0.19165000915527344,0.5,0.6666666666666666,0.008487569406740234
0.4,0.20000000298023224,0.5,0.5625,0.19165000915527344,0.5,0.6666666666666666,0.007684544095799757
0.4,0.20000000298023224,0.5,0.5625,0.19165000915527344,0.5,0.6666666666666666,0.008537619203884591
0.4,0.20000000298023224,0.5,0.5625,0.19165000915527344,0.5,0.6666666666666666,0.008378742940528056
0.4,0.20000000298023224,0.5,0.5625,0.19165000915527344,0.5,0.6666666666666666,0.004693967663248414
0.4,0.20000000298023224,0.5,0.5625,0.19165000915527344,0.5,0.6666666666666666,0.00655271177851543
0.4,0.20000000298023224,0.5,0.5625,0.19165000915527344,0.5,0.6666666666666666,0.006729621310371481
0.4,0.20000000298023224,0.5,0.5625,0.19165000915527344,0.5,0.6666666666666666,0.006795486811360871
0.4,0.20000000298023224,0.5,0.5625,0.19165000915527344,0.5,0.6666666666666666,0.006448674487925639
0.4,0.20000000298023224,0.5,0.5625,0.19165000915527344,0.5,0.6666666666666666,0.0014007862651640498
0.4,0.20000000298023224,0.5,0.5625,0.19165000915527344,0.5,0.6666666666666666,0.0028641069106093483
0.4,0.20000000298023224,0.5,0.5625,0.19165000915527344,0.5,0.6666666666666666,0.0023868332670913084
0.4,0.20000000298023224,0.5,0.5625,0.19165000915527344,0.5,0.6666666666666666,0.002820213142325155
0.4,0.20000000298023224,0.5,0.5625,0.19165000915527344,0.5,0.6666666666666666,0.0026287565942499525
0.4,0.20000000298023224,0.5,0.5625,0.19165000915527344,0.5,0.6666666666666666,0.002998654354606285
0.4,0.20000000298023224,0.5,0.5625,0.19165000915527344,0.5,0.6666666666666666,0.0024697249935376176
0.4,0.20000000298023224,0.5,0.5625,0.19165000915527344,0.5,0.6666666666666666,0.0011398015804070176
0.4,0.20000000298023224,0.5,0.5625,0.19165000915527344,0.5,0.6666666666666666,0.001220317184113148
0.4,0.20000000298023224,0.5,0.5625,0.19165000915527344,0.5,0.6666666666666666,0.0021773321549801946
0.4,0.20000000298023224,0.5,0.5625,0.19165000915527344,0.5,0.6666666666666666,0.0012736238363521115
0.4,0.20000000298023224,0.5,0.5625,0.19165000915527344,0.5,0.6666666666666666,0.0017226093260316229
0.4,0.20000000298023224,0.5,0.5625,0.19165000915527344,0.5,0.6666666666666666,0.0022790282291374146
0.4,0.20000000298023224,0.5,0.5625,0.19165000915527344,0.5,0.6666666666666666,0.0030552275063179895
0.4,0.20000000298023224,0.5,0.5625,0.19165000915527344,0.5,0.6666666666666666,0.0011106966847921154
0.4,0.20000000298023224,0.5,0.5625,0.19165000915527344,0.5,0.6666666666666666,0.001214767574871808
0.4,0.20000000298023224,0.5,0.5625,0.19165000915527344,0.5,0.6666666666666666,0.0009315823967514423
0.4,0.20000000298023224,0.5,0.5625,0.19165000915527344,0.5,0.6666666666666666,0.0012934922735674482
0.4,0.20000000298023224,0.5,0.5625,0.19165000915527344,0.5,0.6666666666666666,0.0012577703084138251
0.4,0.20000000298023224,0.5,0.5625,0.19165000915527344,0.5,0.6666666666666666,0.0015033514900399127
0.4,0.20000000298023224,0.5,0.5625,0.19165000915527344,0.5,0.6666666666666666,0.0018329309880621614
0.4,0.20000000298023224,0.5,0.5625,0.19165000915527344,0.5,0.6666666666666666,0.0017326510659901443
0.4,0.20000000298023224,0.5,0.5625,0.19165000915527344,0.5,0.6666666666666666,0.0016758221882736
0.4,0.20000000298023224,0.5,0.5625,0.19165000915527344,0.5,0.6666666666666666,0.0013583824051962474
0.4,0.20000000298023224,0.5,0.5625,0.19165000915527344,0.5,0.6666666666666666,0.0015838501673829275
0.4,0.20000000298023224,0.5,0.5625,0.19165000915527344,0.5,0.6666666666666666,0.0018661607962631264
0.4,0.20000000298023224,0.5,0.5625,0.19165000915527344,0.5,0.6666666666666666,0.0024560712549597484
0.4,0.20000000298023224,0.5,0.5625,0.19165000915527344,0.5,0.6666666666666666,0.0031574927923606164
0.4,0.20000000298023224,0.5,0.5625,0.19165000915527344,0.5,0.6666666666666666,0.005463094589255647
0.4,0.20000000298023224,0.5,0.5625,0.19165000915527344,0.5,0.6666666666666666,0.03759559690665543
0.4,0.20000000298023224,0.5,0.5625,0.19165000915527344,0.5,0.6666666666666666,0.016513713089670593
0.4,0.20000000298023224,0.5,0.5625,0.19165000915527344,0.5,0.6666666666666666,0.015617365464896896
0.4,0.20000000298023224,0.5,0.5625,0.19165000915527344,0.5,0.6666666666666666,0.012259194532536297
0.4,0.20000000298023224,0.5,0.5625,0.19165000915527344,0.5,0.6666666666666666,0.015532228895321224
0.4,0.20000000298023224,0.5,0.5625,0.19165000915527344,0.5,0.6666666666666666,0.01745069165980076
0.4,0.20000000298023224,0.5,0.5625,0.19165000915527344,0.5,0.6666666666666666,0.0028931528248532993
0.4,0.20000000298023224,0.5,0.5625,0.19165000915527344,0.5,0.6666666666666666,0.007288155840110092
0.4,0.20000000298023224,0.5,0.5625,0.19165000915527344,0.5,0.6666666666666666,0.008737769937349947
0.4,0.20000000298023224,0.5,0.5625,0.19165000915527344,0.5,0.6666666666666666,0.010406301997072105
0.4,0.20000000298023224,0.5,0.5625,0.19165000915527344,0.5,0.6666666666666666,0.011383051290330116
0.4,0.20000000298023224,0.5,0.5625,0.19165000915527344,0.5,0.6666666666666666,0.014460434159383966
0.4,0.20000000298023224,0.5,0.5625,0.19165000915527344,0.5,0.6666666666666666,0.01629069072032416
0.4,0.20000000298023224,0.5,0.5625,0.19165000915527344,0.5,0.6666666666666666,0.002243588690264655
0.4,0.20000000298023224,0.5,0.5625,0.19165000915527344,0.5,0.6666666666666666,0.006486155925860935
0.4,0.20000000298023224,0.5,0.5625,0.19165000915527344,0.5,0.6666666666666666,0.007441151575490061
0.4,0.20000000298023224,0.5,0.5625,0.19165000915527344,0.5,0.6666666666666666,0.008655222341730768
0.4,0.20000000298023224,0.5,0.5625,0.19165000915527344,0.5,0.6666666666666666,0.008509589869120038
0.4,0.20000000298023224,0.5,0.5625,0.19165000915527344,0.5,0.6666666666666666,0.00963846073284472
0.4,0.20000000298023224,0.5,0.5625,0.19165000915527344,0.5,0.6666666666666666,0.011547942144607498
0.4,0.20000000298023224,0.5,0.5625,0.19165000915527344,0.5,0.6666666666666666,0.005428396221273447
0.4,0.20000000298023224,0.5,0.5625,0.19165000915527344,0.5,0.6666666666666666,0.0007952324483176666
0.4,0.20000000298023224,0.5,0.5625,0.19165000915527344,0.5,0.6666666666666666,0.002978189943819403
0.4,0.20000000298023224,0.5,0.5625,0.19165000915527344,0.5,0.6666666666666666,0.0058573566593039415
0.4,0.20000000298023224,0.5,0.5625,0.19165000915527344,0.5,0.6666666666666666,0.0046774824079140066
0.4,0.20000000298023224,0.5,0.5625,0.19165000915527344,0.5,0.6666666666666666,0.00930348983919619
0.4,0.20000000298023224,0.5,0.5625,0.19165000915527344,0.5,0.6666666666666666,0.012852756286444689
0.4,0.20000000298023224,0.5,0.5625,0.19165000915527344,0.5,0.6666666666666666,0.005445741983509856
0.4,0.20000000298023224,0.5,0.5625,0.19165000915527344,0.5,0.6666666666666666,0.007219124489282466
0.4,0.20000000298023224,0.5,0.5625,0.19165000915527344,0.5,0.6666666666666666,0.007862380045326344
0.4,0.20000000298023224,0.5,0.5625,0.19165000915527344,0.5,0.6666666666666666,0.007287270006422415
0.4,0.20000000298023224,0.5,0.5625,0.19165000915527344,0.5,0.6666666666666666,0.008367681212690617
0.4,0.20000000298023224,0.5,0.5625,0.19165000915527344,0.5,0.6666666666666666,0.011408834939677284
0.4,0.20000000298023224,0.5,0.5625,0.19165000915527344,0.5,0.6666666666666666,0.004620521834379059
0.4,0.20000000298023224,0.5,0.5625,0.19165000915527344,0.5,0.6666666666666666,0.007193276425369779
0.4,0.20000000298023224,0.5,0.5625,0.19165000915527344,0.5,0.6666666666666666,0.008453910748299778
0.4,0.20000000298023224,0.5,0.5625,0.19165000915527344,0.5,0.6666666666666666,0.010020362244057635
0.4,0.20000000298023224,0.5,0.5625,0.19165000915527344,0.5,0.6666666666666666,0.00881640425143164
0.4,0.20000000298023224,0.5,0.5625,0.19165000915527344,0.5,0.6666666666666666,0.008292490377510946
0.4,0.20000000298023224,0.5,0.5625,0.19165000915527344,0.5,0.6666666666666666,0.009313922021621353
0.4,0.20000000298023224,0.5,0.5625,0.19165000915527344,0.5,0.6666666666666666,0.004753418168243171
0.4,0.20000000298023224,0.5,0.5625,0.19165000915527344,0.5,0.6666666666666666,0.0053721401749598765
0.4,0.20000000298023224,0.5,0.5625,0.19165000915527344,0.5,0.6666666666666666,0.00624202432768318
0.4,0.20000000298023224,0.5,0.5625,0.19165000915527344,0.5,0.6666666666666666,0.006206403945010868
0.4,0.20000000298023224,0.5,0.5625,0.19165000915527344,0.5,0.6666666666666666,0.00701314519136717
0.4,0.20000000298023224,0.5,0.5625,0.19165000915527344,0.5,0.6666666666666666,0.007424669476346711
0.4,0.20000000298023224,0.5,0.5625,0.19165000915527344,0.5,0.6666666666666666,0.006741096736584251
0.4,0.20000000298023224,0.5,0.5625,0.19165000915527344,0.5,0.6666666666666666,0.0038021228954861004
0.4,0.20000000298023224,0.5,0.5625,0.19165000915527344,0.5,0.6666666666666666,0.004083204237362998
0.4,0.20000000298023224,0.5,0.5625,0.19165000915527344,0.5,0.6666666666666666,0.004346310428599448
0.4,0.20000000298023224,0.5,0.5625,0.19165000915527344,0.5,0.6666666666666666,0.004616328474779983
0.4,0.20000000298023224,0.5,0.5625,0.19165000915527344,0.5,0.6666666666666666,0.004805400314880713
0.4,0.20000000298023224,0.5,0.5625,0.19165000915527344,0.5,0.6666666666666666,0.0066387115264478595
0.4,0.20000000298023224,0.5,0.5625,0.19165000915527344,0.5,0.6666666666666666,0.008018295802214154
0.4,0.20000000298023224,0.5,0.5625,0.19165000915527344,0.5,0.6666666666666666,0.0038948669223142795
0.4,0.20000000298023224,0.5,0.5625,0.19165000915527344,0.5,0.6666666666666666,0.003580364384030521
0.4,0.20000000298023224,0.5,0.5625,0.19165000915527344,0.5,0.6666666666666666,0.004129978665359694
0.4,0.20000000298023224,0.5,0.5625,0.19165000915527344,0.5,0.6666666666666666,0.0050648519384803555
0.4,0.20000000298023224,0.5,0.5625,0.19165000915527344,0.5,0.6666666666666666,0.005329625470448098
0.4,0.20000000298023224,0.5,0.5625,0.19165000915527344,0.5,0.6666666666666666,0.005347961761906601
0.4,0.20000000298023224,0.5,0.5625,0.19165000915527344,0.5,0.6666666666666666,0.007477170522020222
0.4,0.20000000298023224,0.5,0.5625,0.19165000915527344,0.5,0.6666666666666666,0.0034734769708795366
0.4,0.20000000298023224,0.5,0.5625,0.19165000915527344,0.5,0.6666666666666666,0.0031705803141744713
0.4,0.20000000298023224,0.5,0.5625,0.19165000915527344,0.5,0.6666666666666666,0.004587931022958436
0.4,0.20000000298023224,0.5,0.5625,0.19165000915527344,0.5,0.6666666666666666,0.004226143005863949
0.4,0.20000000298023224,0.5,0.5625,0.19165000915527344,0.5,0.6666666666666666,0.004407615805078247
0.4,0.20000000298023224,0.5,0.5625,0.19165000915527344,0.5,0.6666666666666666,0.0047176292127566605
0.4,0.20000000298023224,0.5,0.5625,0.19165000915527344,0.5,0.6666666666666666,0.006861425681594871
0.4,0.20000000298023224,0.5,0.5625,0.19165000915527344,0.5,0.6666666666666666,0.0033472315382156326
0.4,0.20000000298023224,0.5,0.5625,0.19165000915527344,0.5,0.6666666666666666,0.0031244407917773677
0.4,0.20000000298023224,0.5,0.5625,0.19165000915527344,0.5,0.6666666666666666,0.0029533082888448204
0.4,0.20000000298023224,0.5,0.5625,0.19165000915527344,0.5,0.6666666666666666,0.00401227763690762
0.4,0.20000000298023224,0.5,0.5625,0.19165000915527344,0.5,0.6666666666666666,0.00420100125634495
0.4,0.20000000298023224,0.5,0.5625,0.19165000915527344,0.5,0.6666666666666666,0.0049733465930682135
0.4,0.20000000298023224,0.5,0.5625,0.19165000915527344,0.5,0.6666666666666666,0.006190122319467274
0.4,0.20000000298023224,0.5,0.5625,0.19165000915527344,0.5,0.6666666666666666,0.0034111701269553788
0.4,0.20000000298023224,0.5,0.5625,0.19165000915527344,0.5,0.6666666666666666,0.0030404414886727738
0.4,0.20000000298023224,0.5,0.5625,0.19165000915527344,0.5,0.6666666666666666,0.003168704237425912
0.4,0.20000000298023224,0.5,0.5625,0.19165000915527344,0.5,0.6666666666666666,0.004331935531053036
0.4,0.20000000298023224,0.5,0.5625,0.19165000915527344,0.5,0.6666666666666666,0.0051614955529733254
0.4,0.20000000298023224,0.5,0.5625,0.19165000915527344,0.5,0.6666666666666666,0.005984898522074533
0.4,0.20000000298023224,0.5,0.5625,0.19165000915527344,0.5,0.6666666666666666,0.00575852171277517
0.4,0.20000000298023224,1.0,0.5625,0.18665000915527344,0.5,0.6666666666666666,0.9999999999998732
0.4,0.20000000298023224,1.0,0.5625,0.18665000915527344,0.5,0.6666666666666666,0.10541381318762447
0.4,0.20000000298023224,1.0,0.5625,0.18665000915527344,0.5,0.6666666666666666,0.028499933967955575
0.4,0.20000000298023224,1.0,0.5625,0.18665000915527344,0.5,0.6666666666666666,0.029165720936807627
0.4,0.20000000298023224,1.0,0.5625,0.18665000915527344,0.5,0.6666666666666666,0.031144793490340508
0.4,0.20000000298023224,1.0,0.5625,0.18665000915527344,0.5,0.6666666666666666,0.028989042496764632
0.4,0.20000000298023224,1.0,0.5625,0.18665000915527344,0.5,0.6666666666666666,0.03710071341083742
0.4,0.20000000298023224,1.0,0.5625,0.18665000915527344,0.5,0.6666666666666666,0.025794631256149586
0.4,0.20000000298023224,1.0,0.5625,0.18665000915527344,0.5,0.6666666666666666,0.17110201531939984
0.4,0.20000000298023224,1.0,0.5625,0.18665000915527344,0.5,0.6666666666666666,0.030985970753824876
0.4,0.20000000298023224,1.0,0.5625,0.18665000915527344,0.5,0.6666666666666666,0.03821216407675025
0.4,0.20000000298023224,1.0,0.5625,0.18665000915527344,0.5,0.6666666666666666,0.032571027879488186
0.4,0.20000000298023224,1.0,0.5625,0.18665000915527344,0.5,0.6666666666666666,0.03469944415838588
0.4,0.20000000298023224,1.0,0.5625,0.18665000915527344,0.5,0.6666666666666666,0.03414540200755939
0.4,0.20000000298023224,1.0,0.5625,0.18665000915527344,0.5,0.6666666666666666,0.02804842419407691
0.4,0.20000000298023224,1.0,0.5625,0.18584999084472656,0.5,0.6666666666666666,0.9481862095682423
0.4,0.20000000298023224,0.5,0.5625,0.1925,0.5,0.6666666666666666,0.005054022282643164
0.4,0.20000000298023224,0.5,0.5625,0.1925,0.5,0.6666666666666666,0.004885116140655612
0.4,0.20000000298023224,0.5,0.5625,0.1925,0.5,0.6666666666666666,0.005130731937153147
0.4,0.20000000298023224,0.5,0.5625,0.1925,0.5,0.6666666666666666,0.004659270845500606
0.4,0.20000000298023224,0.5,0.5625,0.1925,0.5,0.6666666666666666,0.0046851284361686864
0.4,0.20000000298023224,0.5,0.5625,0.1925,0.5,0.6666666666666666,0.004877726485860938
0.4,0.20000000298023224,0.5,0.5625,0.1925,0.5,0.6666666666666666,0.005532096878562282
0.4,0.20000000298023224,0.5,0.5625,0.1925,0.5,0.6666666666666666,0.006125638570455704
0.4,0.20000000298023224,0.5,0.5625,0.1925,0.5,0.6666666666666666,0.005153213894937213
0.4,0.20000000298023224,0.5,0.5625,0.1925,0.5,0.6666666666666666,0.007197292531050033
0.4,0.20000000298023224,0.5,0.5625,0.1925,0.5,0.6666666666666666,0.007128200705434499
0.4,0.20000000298023224,0.5,0.5625,0.1925,0.5,0.6666666666666666,0.007205304895151615
0.4,0.20000000298023224,0.5,0.5625,0.1925,0.5,0.6666666666666666,0.007462806319394477
0.4,0.20000000298023224,0.5,0.5625,0.1925,0.5,0.6666666666666666,0.0077684886733134515
0.4,0.20000000298023224,0.5,0.5625,0.1925,0.5,0.6666666666666666,0.005878627256904184
0.4,0.20000000298023224,0.5,0.5625,0.1925,0.5,0.6666666666666666,0.0052506368550020955
0.4,0.20000000298023224,0.5,0.5625,0.1925,0.5,0.6666666666666666,0.006627825156503125
0.4,0.20000000298023224,0.5,0.5625,0.1925,0.5,0.6666666666666666,0.006691341447464019
0.4,0.20000000298023224,0.5,0.5625,0.1925,0.5,0.6666666666666666,0.006626120148258408
0.4,0.20000000298023224,0.5,0.5625,0.1925,0.5,0.6666666666666666,0.006588228572659406
0.4,0.20000000298023224,0.5,0.5625,0.1925,0.5,0.6666666666666666,0.007166553590302445
0.4,0.20000000298023224,0.5,0.5625,0.1925,0.5,0.6666666666666666,0.0062511760025706865
0.4,0.20000000298023224,0.5,0.5625,0.1925,0.5,0.6666666666666666,0.0058782994602760204
0.4,0.20000000298023224,0.5,0.5625,0.1925,0.5,0.6666666666666666,0.0065365274927023905
0.4,0.20000000298023224,0.5,0.5625,0.1925,0.5,0.6666666666666666,0.0066017940808194
0.4,0.20000000298023224,0.5,0.5625,0.1925,0.5,0.6666666666666666,0.006563152241220372
0.4,0.20000000298023224,0.5,0.5625,0.1925,0.5,0.6666666666666666,0.006265704965615945
0.4,0.20000000298023224,0.5,0.5625,0.1925,0.5,0.6666666666666666,0.006198282390113937
0.4,0.20000000298023224,0.5,0.5625,0.1925,0.5,0.6666666666666666,0.004138982041539654
0.4,0.20000000298023224,0.5,0.5625,0.1925,0.5,0.6666666666666666,0.00553400171779321
0.4,0.20000000298023224,0.5,0.5625,0.1925,0.5,0.6666666666666666,0.005807931381818998
0.4,0.20000000298023224,0.5,0.5625,0.1925,0.5,0.6666666666666666,0.00559838579327875
0.4,0.20000000298023224,0.5,0.5625,0.1925,0.5,0.6666666666666666,0.00711366432508746
0.4,0.20000000298023224,0.5,0.5625,0.1925,0.5,0.6666666666666666,0.0073146633681450204
0.4,0.20000000298023224,0.5,0.5625,0.1925,0.5,0.6666666666666666,0.007564391177423378
0.4,0.20000000298023224,0.5,0.5625,0.1925,0.5,0.6666666666666666,0.004506830403305063
0.4,0.20000000298023224,0.5,0.5625,0.1925,0.5,0.6666666666666666,0.005436702531583034
0.4,0.20000000298023224,0.5,0.5625,0.1925,0.5,0.6666666666666666,0.0068273819862443895
0.4,0.20000000298023224,0.5,0.5625,0.1925,0.5,0.6666666666666666,0.00672352370801597
0.4,0.20000000298023224,0.5,0.5625,0.1925,0.5,0.6666666666666666,0.008014315602326974
0.4,0.20000000298023224,0.5,0.5625,0.1925,0.5,0.6666666666666666,0.008050471224998848
0.4,0.20000000298023224,0.5,0.5625,0.1925,0.5,0.6666666666666666,0.007509526407392066
0.4,0.20000000298023224,0.5,0.5625,0.1925,0.5,0.6666666666666666,0.06508506199603258
