X_vib_freq_energy,Y_vib_disp_rms,Z_vib_freq_energy,Z_vib_freq_mean,Z_vib_freq_rms,Z_vib_freq_shape_factor,Z_vib_freq_rms,Z_vib_freq_mean,Z_vib_freq_energy,Z-axial force
170.08750000000001,170.14838009807792,231603.77,264674.13,104.23291226863039,119.91249999999999,152.22644727510394,0.4818401220232098,185383.13,5.34
183.6,183.60379703512203,235972.47999999998,266817.31,345.5294849936833,194.77499999999998,194.82674354410381,0.94420955093562831,303659.68,7.87
169.88571428571427,169.89500959626298,202050.2,302308.90000000002,471.71787118997304,90.4,152.93311446511512,0.21053894318324728,187108.30000000002,6.75
187.11249999999998,187.32526191093393,280726.02999999997,355103.96,233.92092681074945,196.97499999999997,197.59482533710241,0.69746377070487886,312349.72000000003,12.829999999999998
215.375,215.48457021327536,371468.79999999999,428486.66000000003,561.1372381155968,206.84285714285716,206.94404695817798,0.90528922862050087,299780.87,9.36
232.41428571428574,232.44609513359686,378218.31000000006,424008.11000000004,553.1667922064737,228.65,228.68795333379501,0.95756695557631888,418385.44000000006,12.089999999999998
178.54285714285714,178.6803770503553,223486.74,218809.46999999997,222.02871435920176,181.7,181.98564503828317,0.90783627093555552,264950.2,5.8999999999999986
189.67500000000001,189.68789497487708,287851.98,290796.59000000003,308.8747723592848,197.33750000000001,197.3528407446926,0.9602135535363675,311585.15000000002,9.32
195.03749999999999,195.05769979675244,304380.05,339322.08,631.31325708512452,170.84285714285716,184.53921379634039,0.83294251435425526,238383.05000000002,12.86
189.91428571428574,189.9924509778518,252679.91999999998,270821.27,645.27804084750937,137.53749999999999,167.75990656292103,0.6128186997830567,225147.09,6.1199999999999992
218.16250000000002,218.35048374116326,381415.47,353372.07999999996,224.003826497929,212.04285714285717,212.04889261003666,0.97454851373463447,314753.13,7.3599999999999994
241.12857142857143,241.14805470024902,407066.69,368415.30999999994,475.39246943972512,218.48750000000001,218.54817832688516,0.94431191789009139,382106.45,6.62
240.17500000000001,240.26409948221561,461814.7,491178.70999999996,560.46821943799807,141.5,179.00749285993589,0.60679552772645973,256349.46000000002,16.920000000000002
173.54999999999998,173.66933379269926,241288.3,253568.58000000002,160.85263886107504,148.77142857142857,164.94956805035898,0.71188336026059507,190458.52000000002,4.2200000000000006
194.2571428571429,194.33320427995389,264357.76000000001,247275.22999999998,363.05147706626951,202.81249999999997,202.84982437754289,0.93662709163401003,329184.40999999997,18.21
213.78749999999997,213.83901362941234,365816.99,340305.05000000005,449.75660084094375,213.82857142857142,213.836232396931,0.97464325877628399,320081.53999999998,25.16
232.48749999999998,232.60385046254072,432836.41000000003,371643.14999999997,714.82419167233002,211,211.01200202832067,0.96774229655348554,356208.52,30
286.73750000000001,286.79961863642706,658032.17000000004,477791.48,635.25416735575777,200.32857142857142,200.37145148805146,0.9461004470597737,281041.02999999997,29
301.91428571428565,301.92844469225764,638125.49999999988,482111.96,676.2530961112119,145.16249999999999,167.6516440420433,0.71333677010830587,224856.58999999997,17.049999999999997
166.11250000000001,166.12879416284224,220790.21000000002,222642.41,61.312722986342727,100.65,172.27234978370731,0.23220900777544135,237422.09999999998,31.330000000000002
183.11249999999998,183.22595681289263,268574.01,256471.95999999996,289.37173324289989,348.3,348.32900908685247,0.958984434873425,849331.69,12.799999999999999
228.83750000000001,228.88092155092352,419091.81,326520.22000000003,602.94124328755527,332.52857142857141,332.53636321031547,0.9777426299082046,774063.03,15.280000000000001
250.1142857142857,250.24181448008588,438346.76,302211.70999999996,649.70146990752608,330.33749999999998,330.34053830857636,0.98943209341591887,872998.97000000009,18.8
280.46249999999998,280.61452875786739,629956.11,397822.52,224.58879090462196,320.43749999999994,320.44164250296808,0.97815544743560434,821462.7699999999,14.9
301.875,301.90302250888448,729163.48,458333.64999999997,780.35156912033665,325.52857142857141,325.530896053991,0.99103483887172139,741792.55,23.77
170.53749999999999,170.62168311794372,232894.07,233044.55999999997,100.90377311365235,138.07142857142858,163.7836072383314,0.64458549596309123,187775.49,22.14
189.74285714285716,189.80067740357816,252170.08000000002,232113.3,329.76014010186253,209.48750000000001,209.53602613870484,0.94191588642692847,351242.76999999996,21.67
211.71250000000001,211.79919440356707,358871.18999999994,287732.43,475.02131531121842,225.01250000000002,225.05729548272814,0.92819775656343828,405206.29000000004,8.99
233.9375,234.05063821745927,438237.61000000004,326136.65000000002,740.28218557906303,248.48571428571429,248.62693797276731,0.90673967509692244,432707.48,6.5000000000000018
291.71428571428572,291.75926475680012,595864.28,404600.36,447.10555241463953,269.64999999999998,269.75276643623141,0.91697631992180972,582132.44000000006,7.5900000000000007
305.0625,305.08362992792649,744608.16999999993,533822.11,610.15372770193858,288.8,288.81432493163197,0.97296073764093127,583896,20.969999999999995
180.73750000000001,180.84735621512414,261646.13,251783.43,237.45164921365722,170.2571428571429,170.32037878237423,0.90537222398088191,203063.22000000003,9.27
213.37142857142857,213.41910478144709,318834.00000000006,291543.33999999997,575.0980351209696,199.36249999999998,199.4953288926836,0.88551055202029194,318387.09000000003,16.630000000000003
235.98750000000001,236.12419666353554,446037.09000000008,407271.42000000004,610.36230458404202,225.35714285714286,225.41024504540289,0.96215990162536946,355668.45,25.41
289.92499999999995,289.98931014780527,672750.39999999991,550674.60000000009,439.43244645792828,241.76249999999999,241.77138736831535,0.98262136936662503,467627.23,32.92
290.10000000000002,290.22408583713377,673840.16,586734.35,590.6336790745537,102.81428571428572,157.06135743714938,0.41844783809970976,172677.89,25.07
168.48749999999998,168.53873071196423,227242.43,227831.67,72.33602145542703,83.412500000000009,117.96959883800572,0.49308483028628131,111334.61,31.440000000000005
185.94285714285715,185.9701204879045,242094.2,243253.69999999998,340.05128289715361,178.7,178.79431618482732,0.92700827241464245,255739.26,13.720000000000002
194.21249999999998,194.21902906255093,301768.25,307303.87,274.17929483147651,178.25714285714284,178.36254411410803,0.91562048547061603,222692.37999999998,9.34
206.58571428571432,206.70098140619871,299077.06999999995,309479.94,807.9041558254296,188.39999999999998,188.64758811074157,0.8627454295931527,284703.3,12.4
232.125,232.25461782276795,431537.66000000003,394167.47,399.42521202347757,196.39999999999998,196.54898880431821,0.8989654969400761,309052.04000000004,14.470000000000002
257.125,257.19288481604616,529185.43999999994,427067.01999999996,371.12839518727975,200.08571428571426,200.17393864908016,0.92527517137584958,280487.24,12.89
272.05714285714282,272.07906938976396,518189.13999999996,431322.77999999997,622.62187561954488,207.67499999999998,207.68890798499569,0.96794379264868968,345077.46,19.560000000000002
175.86249999999998,175.97009333974907,247723.79000000004,246748.83999999997,171.30007088648355,184.15714285714284,184.62680891850073,0.88912772334000156,238609.41000000003,11.129999999999999
189.35714285714286,189.36356188936819,251009.90999999997,247073.03999999998,352.80341551634672,207.20000000000002,207.26244835956174,0.94330561164842164,343661.77999999997,13.27
188.12499999999997,188.15484979133544,283217.98,318875.36,661.58068291025552,219.04285714285714,219.08396629081344,0.92901412700314412,335984.49,9.5500000000000007
209.51249999999999,209.6543673525548,351639.62999999995,374215.00000000006,621.27278630244223,246.13750000000002,246.32235738966125,0.89205676360961084,485397.63,14.179999999999998
258.73750000000001,258.78449287003269,535755.30999999994,467674.17000000004,441.62314250953835,288.84285714285716,288.89859071010665,0.94491607305562686,584236.77,22.64
269.31428571428575,269.34023623874475,507809.13999999996,445677.43,591.21929095725557,224.92500000000001,259.73337290382995,0.73286563530264981,539691.39999999991,27.390000000000004
166.83750000000001,166.86063421310612,222739.77000000002,220502.16999999998,59.612289001513773,58.962499999999999,96.394625109494569,0.3475922808592618,74335.39,11.39
187.14999999999998,187.22465783117352,280424.58,263532.54000000004,306.49446510966089,176.65714285714284,176.77637204752708,0.92202109280067701,218749.2,15.690000000000001
211.71428571428575,211.75850800920776,313891.65999999997,313046.64,589.37784994008723,210.82499999999999,211.04601986296734,0.87513719325298034,356323.38,22.950000000000003
233.59999999999997,233.75059892971396,437114.74,411963.56999999995,600.23685801047384,234.12857142857143,234.15038208077183,0.96466659420907697,383784.81,18.619999999999997
260.8857142857143,260.98255004611212,476783.24,424829.17,266.35995382189117,239.61250000000001,239.63670680845203,0.94816399134090346,459406.01,7.0299999999999994
279.92499999999995,279.97059667043612,627068.28,554534.63,702.95661317040049,259.98571428571432,260.05867195143264,0.94372603961027834,473413.58999999997,21.62
171.01249999999999,171.09467043131414,234187.09,233308.39999999997,115.35782839247872,125.95714285714287,143.41782614843547,0.70259693635478138,143980.71,11.3
184.48750000000001,184.4914937063495,272296.89,296155.85000000003,355.16598232375804,181.17500000000001,181.19931015321222,0.96141113125691036,262665.51999999996,16.939999999999998
187.94285714285715,187.97717946601921,247347.94,318199.97000000003,453.2422877761644,188.42857142857142,188.45454169564152,0.93399380107072427,248605.80000000002,18.7
204.4,204.46166947795933,292632.02,362047.16,744.09265216100607,213.81250000000003,214.0171050406953,0.88110420994921523,366426.57,20.490000000000002
259.36250000000001,259.42980987157205,538430.6100000001,551403.51,538.59764998691605,240.1,240.16309636816158,0.93028036414159232,403748.19,9.66
273.31249999999994,273.32062445047944,597633.31000000006,616830.84000000008,542.95867706483887,220.61249999999998,235.84702404312841,0.86013789327692636,444990.55,21.250000000000004
164.7428571428571,164.74411327007365,189984.36000000002,193630.06000000003,21.920310216782973,20.5625,58.159532752593535,0.12500000000000003,27060.25,5.7700000000000005
181.02500000000001,181.17782700981928,262603.24,243599.75999999998,299.17616048074422,180.98749999999998,181.10290237873051,0.88878372035864306,262386.08999999997,8
208.05000000000004,208.13689605641764,346567.74,364852.99,469.91834397052429,207.57499999999999,207.73194265687692,0.88273242561502774,345220.48,8.5
228.15714285714284,228.28147099578626,364787.01,358793.79000000004,657.4595044563581,230.5625,230.59561194870989,0.94748415539040998,425394.69,5.65
277.28750000000002,277.33109499297046,615300.29,543910.99,767.20751755962351,235.13750000000002,235.18752358490445,0.94840598999524173,442505.36999999994,36.809999999999988
281.99999999999994,282.08928551081124,636594.91999999993,568266.96,377.95237795256691,101.95714285714287,155.75791197514539,0.41425666182052345,169823.69,21.82
168.24285714285716,168.28946575978631,198249.41,195387.76,87.314804013981501,113.28749999999999,143.48382748588776,0.58810968476916092,164700.87,18.249999999999996
183.72499999999999,183.74094535513854,270085.88,275168.21000000002,358.8306405136392,198.35714285714286,198.41318720574714,0.93221784993323176,275574.55000000005,20.079999999999998
194.12857142857143,194.16912730915797,263911.55,303308.06000000006,275.93703992034125,210.82499999999999,210.86634985222275,0.9262533796092518,355716.94,23.01
210.96250000000001,211.02215819671639,356242.80999999994,398738.19000000006,846.11553584602143,238.13749999999999,238.33352942882379,0.88812200381466666,454422.97000000009,13.62
264.3857142857143,264.448134261306,489529.71,478573.60000000003,452.06512252108104,255.6875,255.72963017609047,0.93975039890536693,523181.14999999997,11.489999999999998
277.86250000000001,277.87526653158608,617717.30999999994,631111.94999999995,621.83645070755654,274.37142857142857,274.39451264817336,0.9672582388642047,527046.43999999994,22.11
178.13750000000002,178.31057526125588,254357.29,245046.7,245.67807042085437,217.51428571428571,218.16107417620196,0.8880809125519884,333159.78000000003,8.23
206.81428571428572,206.85982486422333,299536.90999999997,321595.10000000003,511.61289076801029,241.68750000000003,241.82171893773312,0.89790267990069861,467821.95,21.090000000000003
221.47142857142856,221.54657362666273,343580.19,363063.42,679.51421723799967,268.7714285714286,268.82239490042491,0.95836253115834491,505858.36,14.489999999999998
275.8,275.86104291835045,608794.5199999999,538636.52,628.29417586714226,290.72857142857146,290.7717047542871,0.95016226474229248,591837.29,4.7399999999999993
292.48750000000001,292.51257878935735,684508.87,569869.02999999991,645.33189135513828,224.5,259.25098360469144,0.7315920084998726,537688.57999999996,7.6399999999999988
167.57499999999999,167.61885335486576,224768.63999999998,222174.44999999998,82.719836971378442,56.042857142857144,88.386464703919131,0.32019125578754798,54685.17,4.6599999999999993
185.45714285714288,185.54274825110093,240982.77999999997,230157.68000000002,326.22365794037682,172.48750000000001,172.64986605844791,0.91592397069090126,238463.81,6.3100000000000005
235.54285714285714,235.67352115040114,388794.06,368001.30999999994,561.56667012920207,221.75,221.77192676260898,0.96293342274257987,393462.3,7.45
265.55,265.68991794947738,564729.06000000006,484431.11,306.51287551609124,227.3857142857143,227.39146547623236,0.97829622712502939,361948.15,20.46
288.3,288.34538565507063,582001.42999999993,500685.63999999996,682.53992557212359,242.0625,242.10099906857056,0.96540991824480293,468903.15,30.690000000000005
174.47499999999997,174.59340623288156,243862.86000000002,236152.91999999998,132.67535566185606,125.75,145.25870886112131,0.70094735443363876,168800.74,8.370000000000001
190.57142857142858,190.59041348999094,254272.94,246727.24,373.10404044984557,186.41249999999999,186.48820673168586,0.92883977992775557,278222.81,3.69
200.95000000000002,200.98547211179218,323161.27999999997,363484.9,516.74931750594226,202.38571428571427,202.47708512323069,0.90533333745548095,286978.79000000004,7.5499999999999989
218.47142857142856,218.5389569717164,334314.93,365431.29000000004,657.87042797195249,230.51250000000002,230.65878207863668,0.91072380440641743,425627.79000000004,5.9700000000000006
272.83749999999998,272.88451998968355,595727.68999999994,589708.65999999992,606.44208297247974,250.98749999999998,251.06222087363125,0.92317474053384041,504257.91,4.24
281.48333333333335,281.49417104681464,475433.81,491782.45,615.89470343094013,229.67142857142858,248.08251219532355,0.84049806453948994,430814.52999999997,12.43
166.3,166.31305571120987,221280.26,221662.56000000003,50.845704973829541,49.385714285714286,92.587695881101979,0.25292920323134704,60007.369999999995,11.18
185.6875,185.79330921752805,276153.23,255067.65999999997,305.49877250162564,199.95,199.97910515851402,0.95440686848794443,319933.14,2.7100000000000004
212.3,212.34455491017422,315631.46999999997,321836.43,674.95333172005303,220.72857142857143,220.86752655316781,0.90011455280911379,341477.25,1.81
233.28749999999999,233.43528278732845,435936.25,409062.35,653.20603564266003,246.77499999999998,246.8360488259363,0.93994052250839111,487424.28,5.76
264.23750000000001,264.38801268211836,559208.16999999993,476698.10000000003,252.40047543536838,263.47142857142859,263.489319382345,0.97387565302601253,485986.35,10.91
288.48750000000001,288.55652609150951,666118.95000000007,562788.89,696.41905488003408,282.28749999999997,282.3988956246111,0.91826010508693967,637993.09,16.13
170.45714285714286,170.55427288696112,203621.32,198050.03999999998,91.404321560854001,107.8125,136.45465822023078,0.59500561776030303,148958.99,4.38
188.58750000000001,188.60741303034723,284582.05,264998.52,386.87530290779739,185.9375,185.95182507843262,0.97417974050107958,276624.65000000002,10.26
203.67499999999998,203.72708460094353,332037.80000000005,320932.90000000002,306.18855068638436,186.98571428571429,187.00011841096327,0.94662287824841795,244783.30999999997,4.5999999999999996
217.52857142857144,217.5533596286536,331306.25,327576.26999999996,791.02409887436431,206.97499999999999,207.07440691693409,0.91313508475179062,343038.48000000004,6.2299999999999995
270.27142857142854,270.34667954842195,511611.29,430731.04000000004,548.28277375821324,225.5625,225.59443975860754,0.94717433005454554,407142.81,8.2500000000000018
283.03749999999997,283.04530335266122,640917.15,576237.92000000004,683.59975497362495,233.57499999999996,233.59037865460127,0.96816297945519036,436515.72000000003,14.079999999999998
165.28749999999999,165.28932588040885,218564.49,219027.87,36.062445840513924,19.662500000000001,55.613948340321969,0.12500000000000003,24743.290000000005,3.6700000000000008
178.74285714285719,178.8288567317926,223858.31999999998,216364.69999999998,279.0342720885734,157.67499999999998,157.92088208973504,0.8599037172838232,199512.04,7.57
202.75,202.83325664200137,329130.63999999996,353538.21,663.18587138147029,193.02500000000001,193.18605669147036,0.88806311719214748,298566.82,11.21
223.63750000000002,223.78428508275553,400635.25,418300.83,701.37558717545494,206.85714285714283,206.87594626456007,0.96403083226898545,299583.59999999998,8.5
275.48571428571427,275.52246473096994,531388.39999999991,512060.42,462.53972802344231,223.92499999999998,223.94899530919983,0.95470458937529157,401225.22000000003,13.079999999999998
277.42857142857144,277.49809780557825,539036.36,546851.22000000009,587.67350021686605,130.05714285714285,172.06997745933816,0.55104027271392109,207256.54,8.52
168.01250000000002,168.06722241412808,225972.73,218963.05,73.866675262162133,101.22857142857141,139.32427744551302,0.282350280902402,135878.78,6.95
186.78750000000002,186.83200006958126,279249.57000000007,255139.09999999998,366.45361234404555,176.16250000000002,176.31404864615865,0.8908818117259466,248693.15000000002,7.1599999999999993
195.14285714285714,195.15330969705403,266593.69999999995,278868.72000000003,289.08541125418282,194.70000000000002,194.71475932758665,0.9680686495724049,303310.69999999995,8.23
208.42499999999998,208.45375986055035,347623.75999999995,378916.66,767.44222676926734,200.48571428571427,200.50974326166082,0.96797157113126187,281429.09999999998,17.64
256.95,257.0547218006314,528617.04,494298.49000000005,521.01590323959533,208.9,208.95935011384393,0.9289772147029588,305648.07,3.1499999999999995
269.63749999999999,269.6440964493753,581663.51,587279.92999999993,654.37842644757166,215.28749999999999,215.29931781127408,0.97180703673234581,370830.37,13.559999999999999
174.42857142857147,174.52618305408669,213215.72,203098.19999999998,165.77695859195873,156.88749999999999,167.93882442723006,0.7937422693468611,225627.59000000003,18.139999999999997
192.3125,192.33858492252668,295953.05000000005,268896.36,383.97786394530607,197.01249999999999,197.02951238329754,0.97051571874999987,310565.02999999997,14.269999999999996
204.67499999999998,204.73591526647201,335334.36000000004,337996.56,561.40881462874904,208.97142857142856,209.04680268850254,0.92548121147704066,305903.96000000002,10.89
220.55714285714288,220.6472459444195,340796.45,344554.59,615.78506802292634,209.16249999999997,209.17411108930284,0.96803117497028701,350030.47000000003,6.5
275.10000000000002,275.13526803062837,529895.90999999992,467496.33,507.47807834427687,229.11250000000001,229.13622858465661,0.97210969369239919,420027.29000000004,11.540000000000001
281.96249999999998,282.00466529828901,636213.05000000005,600825.46000000008,663.22912707449757,175.15,202.25986996930459,0.72464712713555313,327272.44,17.48
166.68571428571428,166.69518803578501,194511.00000000003,191209.31,51.196923735708964,60.800000000000004,99.295858423199093,0.36259428780733738,78877.34,3.7999999999999994
183.08750000000001,183.15465118309172,268365.01,250042.33000000002,337.56840576604407,170.87142857142857,170.96457026446819,0.92251244431619372,204602.19,5.7600000000000016
206.875,206.89987916864524,342460.48,370199.76999999996,656.43982968738271,194.92500000000001,194.9680807209221,0.94088147570604685,304100.42,8.5
222.72500000000002,222.90149169532268,397480.60000000003,453970.48000000004,683.67442126037906,195.17142857142858,195.21553655968501,0.95463596014146557,266763.74,7.0299999999999994
253.07142857142858,253.19716484533211,448761.63,481054.09,304.16114150232931,204.12500000000003,204.19958986246766,0.91477433650159889,333579.78000000003,8.27
272.98750000000001,273.02867294480262,596357.25,643278.19999999995,698.88707446707213,209.27142857142854,209.30070984795333,0.94416958156182706,306647.51,18.249999999999996
170.47499999999999,170.54313970371251,232679.7,227293.12,110.22768643649769,133.72857142857146,146.51487979041582,0.69855343736383446,150266.26999999999,8.36
186.08750000000001,186.10921860563491,277093.13,274788.61,409.99451215839463,185.26249999999999,185.39009884565033,0.90945360923766694,274955.90999999997,6.7199999999999989
197.07142857142861,197.10299338163281,271947.12999999995,306811.98000000004,441.95022344150931,200.47499999999999,200.53322043990616,0.93038709549051046,321708.57999999996,4.49
205.42500000000001,205.45443533786266,337692.19999999995,422451.06,785.4853822409973,201.1,201.11287164887568,0.97189511588949318,283124.71000000002,19.8
255.47500000000002,255.5544413623054,522464.57999999996,553774.15,621.55185969130059,212.45714285714283,212.50704190012826,0.95373752384685528,316114.7,19.569999999999997
266.91250000000002,266.94852734188288,570092.13,626283.51,670.92631860734161,212.3,212.31846363423034,0.96263359254615066,360633.03999999992,13.95
166.25,166.25223306770951,221118.44,219466.14,49.891310437217996,8.6,22.75346127515548,0.14285714285714288,3624.0400000000004,13.070000000000002
179.82857142857142,179.94665082422941,226665.58,211525.28,279.69648728577198,172.86249999999998,172.89556457584445,0.95093368790299038,239143.01,25.069999999999997
200.16249999999999,200.19489566420017,320623.96999999997,356602.65,622.46330930310376,204.65714285714287,204.68272311765139,0.95000038872691928,293265.12,8.1699999999999982
210.42857142857142,210.53606409761321,310278.04000000004,363599.64,599.6789766199912,202.3125,202.34626571795192,0.94728663325344431,327552.09000000003,8.2399999999999984
263.8,263.87040109005898,487393.12000000011,487658.18999999994,491.35005342423642,223.31249999999997,223.3195776236378,0.9807549372913601,398973.06999999995,20.639999999999997
262.125,262.2760711540418,550309.9,593850.4800000001,532.69163218507572,113.08750000000001,159.93680392580063,0.49207027643120949,204638.25,9.85
170.03750000000002,170.11953518041366,231525.25,226626.12,83.867454951250309,78.137499999999989,110.99964526970345,0.44178426081967798,98567.37,6.4
185.75714285714284,185.7661087035446,241563.33000000002,235314.08,401.90126274994458,180.36250000000001,180.52295214182601,0.88126451995157284,260708.29,2.5200000000000005
196.47499999999999,196.51230877479406,308936.7,330015.92000000004,295.91408019413819,199.34285714285716,199.37376242338695,0.94310079395904156,278249.28000000003,13.229999999999999
253.75,253.86284682875518,515570.76000000007,582715.73,605.56987623229736,224.18750000000003,224.26055437816075,0.93278456693678624,402342.37,10.180000000000001
271.7,271.73052828123673,443024.88,505196.34,611.16189110812297,234.2428571428571,234.25885255417776,0.96718267639820343,384140.47,8.9399999999999977
176.14999999999998,176.30830950355119,248676.95999999996,234925.61,226.53586912451635,175.67499999999998,178.80584442349752,0.83394622099847548,255772.24000000002,19.830000000000002
203.98571428571427,204.03348114603992,291407.63,300926.84999999998,559.89552596890792,211.96250000000001,212.01387041889498,0.94757326267938569,359599.05,20.229999999999997
212.79999999999998,212.86674822526885,362498.01999999996,400077.06000000006,619.65497312156367,214.89999999999995,214.91370693506599,0.97099478886097979,323315.31,17.289999999999996
264.57499999999999,264.62066245854652,560192.76,532017.3600000001,444.42181539613915,223.54999999999995,223.56149042265756,0.96908020857630772,399837.92000000004,16.29
264.26250000000005,264.35802191346488,559081.30999999994,612339.24,675.47644560815638,158.01428571428573,186.98398327129519,0.6924727208844349,244741.07,8.49
167.4,167.41966943667555,196205.41999999998,193939.94999999998,69.462219947249025,85.424999999999997,132.40945019144215,0.34295476378591194,140258.1,12.169999999999998
183.89999999999998,183.95475666587151,270714.82,253706.63,364.85750643230568,233.34285714285713,233.36960874482838,0.9695984312648307,381229.62,3.53
219.73749999999998,219.92065898864524,386920.76999999996,438038.01,645.46756308895954,259.4375,259.44425942772369,0.98283516378098046,538490.59,29.159999999999997
249.27142857142857,249.37307392739899,435308.51,450034.75,473.32863847436909,271.53749999999997,271.57573759450599,0.94477660804495134,590027.04999999993,14
267.17500000000001,267.23763769349557,571327.64,608062.06999999995,692.45237071894394,286.44285714285718,286.47629919419165,0.9598926334444321,574480.69000000006,8.3300000000000018
185.48571428571429,185.49701576344256,240863.99999999997,249368.18999999997,418.73276083917773,220.86250000000001,220.89126001270398,0.94523634226684927,390343.58999999997,3.1299999999999994
195.07499999999999,195.09804586412443,304505.98,330012.24000000005,456.66633646147255,234.7428571428571,234.84647872903815,0.92183925984300263,386070.07999999996,12.08
205.5,205.52973716020475,295697.30999999994,339946.3,720.27833161910405,244.14999999999998,244.16062336093427,0.96849575516366948,476915.27999999997,19.720000000000002
258.14999999999998,258.21603358428382,533404.16000000003,520432.90999999992,581.41919964366991,266.57142857142856,266.63267402391415,0.94487665959037304,497650.88,20.78
276.02857142857141,276.06680350958533,533490.15999999992,522766.49,675.26809490749667,244.36250000000001,261.25292582093698,0.8492121503379586,546024.73,12.400000000000002
165.4,165.40381754101946,191508.96,190841.82,47.398575927974882,63.387499999999996,128.14310847642176,0.19404527278165301,131365.24999999997,23.150000000000002
181,181.09996548867699,262377.57999999996,245733.32,301.59596316927053,323.39999999999998,323.42920013505272,0.95362537176334339,836851.57999999984,10.899999999999999
208.52857142857141,208.54979878059956,304451.12999999995,314532.43,587.16203044815495,325.875,325.87877347259058,0.98951950657536725,849575.79999999993,8.9
215.97500000000002,216.10595780773838,373614.27999999997,412467.74000000005,591.44351257869812,324.32857142857148,324.33143321520436,0.99100517526135379,736336.15,5.6
263.39999999999998,263.43417583905091,555180.52,564422.48,668.16259248778658,324.22500000000002,324.22794836349317,0.98311741903506045,840990.1,17.66
260.17500000000001,260.30194486403667,542056.81999999995,596343.81999999995,184.46176529878178,181.1142857142857,239.60807284277499,0.555444841529945,401884.2,5.92
170.57499999999999,170.66229812117263,233004.96000000002,226660.25,89.086635200958014,359.35714285714283,586.62417148582324,0.16266437787704216,2408895.4300000002,4.29
191.20000000000002,191.23683894958253,256000.7,214915.94,386.98546484331939,310.64999999999998,310.73341468210333,0.92836012258878664,772442.04,8.24
201.125,201.13516599540716,323642.83999999997,285184.59000000003,441.05172599140798,320.32500000000005,320.35927487744129,0.9615598809326722,821040.5199999999,18.46
211.13749999999999,211.14896104409323,356671.07,347720.56,770.5485986342087,314.85714285714283,314.86135724428664,0.97912553254374257,693963.72000000009,46.100000000000009
259.73749999999995,259.83785088012098,540125.66999999993,464317.4,568.80093178545337,322,322.00307451948345,0.99383661302226622,829487.84,6.0500000000000007
179.46250000000001,179.54911236204984,257903.07,246286.88999999998,230.89580983638487,320.7,325.3764358400897,0.88844515044262051,846958.6,10.1
200.4375,200.46720118263735,321496.79000000004,354443.36,510.4025022330066,340.48571428571432,340.48962224588115,0.98083513502498709,811532.27999999991,8.48
211.65714285714284,211.73924664886425,313834.56,369935.19,626.44632651169729,337.73749999999995,337.74156355118629,0.98444150648438777,912554.91,16.810000000000002
265.3,265.3917293360891,563462.15999999992,568496.61,478.54228056224485,336.1571428571429,336.1601977799105,0.98680620675160047,791025.75,23.82
274.07142857142856,274.12354618206109,526006.03,532370.7300000001,648.46607467160527,245.98750000000001,284.07993373344766,0.72298313176312257,645611.27,10.8
167.84285714285716,167.88155263246082,197289.51,191737.47,84.767328611912745,100.97499999999999,165.15735678437093,0.32233569766827641,218215.62,6.7800000000000011
189.58749999999998,189.66838495120899,287792.77,250416.97999999998,379.95410907108243,267.375,267.39795717245113,0.97503195712032187,572013.34000000008,14.410000000000002
205.86250000000001,205.9029352631963,339168.15,305996.13,332.06432251254319,273.28571428571428,273.31373390822705,0.95690782762911475,522902.77999999997,22.4
214.53750000000002,214.543395959885,368230.95,356104.47,811.80408658739827,283.87499999999994,283.88256815098742,0.98249743126970168,644714.50000000012,23.139999999999993
229.97142857142856,230.09794187941546,370615.44,345053.69,384.25984047256355,294.28750000000002,294.31549610919234,0.97085822124642573,692972.89,9.68
256.08571428571429,256.16068617736238,459328.08,409305.3,453.93124085985909,302.95714285714291,302.97311290419344,0.97203758486924607,642548.95000000007,16.29
271.91249999999997,271.94225260154036,591620.71,557025.89,635.55949760820977,304.26250000000005,304.26857585034969,0.98228486509140678,740634.92999999993,9.24
255.5625,255.69695686495763,523047.47000000003,522462.24,33.295216301616492,84.171428571428578,157.47432443780434,0.28169842264621953,173587.14,10.739999999999998
172.27142857142854,172.3225837118944,207865.50999999998,210275.53000000003,158.69703840966912,211.98749999999998,226.88790459167276,0.70510208533197183,411824.97000000003,14.819999999999999
184.53750000000002,184.56180875251522,272504.49,287289.90000000002,429.89111993619969,253.625,253.72130379611406,0.91668921324314712,514996,10.48
199.52500000000001,199.56970586739862,318624.53999999998,359075.75999999995,600.27933973633117,268.02857142857141,268.07123786678153,0.95301420448452812,503035.32000000007,21.822222222222223
207.07142857142858,207.1315903339848,300324.46999999997,363686.63,572.3297781873664,279.625,279.66883541074077,0.94560635981244223,625717.26,16.569999999999997
234.13750000000002,234.31936272958751,439244.51,457175.27,283.78613678009611,296.18571428571425,296.20392348129741,0.96774314269260564,614157.35000000009,15.16
260.58571428571429,260.63810981073794,475525.57,473842.07999999996,445.6729462285096,307.25,307.26228616607023,0.98495550335015947,755280.90000000014,16.93
278.07499999999999,278.10293957453956,618729.96,607738.67000000004,596.03722618641871,304.36249999999995,304.42445491451571,0.9631091019458341,741393.99000000011,17.479999999999997
166.77500000000001,166.79129173910727,222554.67999999996,221711.75,58.485040822418853,107.2375,181.10366161400495,0.27270699925434588,262388.29000000004,20.14
180.77142857142857,180.81531224665997,228859.24,217571.71,348.8013403070579,330.90000000000003,330.91887601042043,0.95570913034086868,876058.42,18.899999999999995
189.97499999999999,190.01920955524471,288858.40000000002,298951.58,366.1438046919348,345.7714285714286,345.79736841103926,0.96397254412194833,837030.74,31.770000000000003
203.65714285714284,203.66898213943693,290367.38,308594.62,562.99822379826389,342.74999999999994,342.75519689714406,0.97963233953191375,939849,24.37
217.87500000000003,218.06251397248451,380410.08,420478.87,657.15305892702258,345.45714285714291,345.46120311424676,0.98886939095177362,835404.1,33.309999999999995
249.875,250.03123804836866,500124.95999999996,501306.63999999996,317.99547952761844,350.66249999999997,350.6661321684773,0.98793982646441036,983733.89,19.43
268.62857142857149,268.65279770418493,505220.27999999997,510638.14,750.64472288826494,346.3,346.30183005580551,0.98742474923272316,959399.66,7.7099999999999991
260.85000000000002,260.95844017774169,544794.46,605719.63,72.508127623243524,193.54285714285717,256.05705279432215,0.55149168728327558,458956.5,8.6699999999999982
170.72857142857143,170.80452904667706,204219.31,200852.59000000003,112.32430725359494,205.82499999999999,241.64744463784425,0.65098466838163771,467147.89999999997,13.959999999999999
187.70000000000002,187.71977786051207,281909.71999999997,261159.68000000002,430.20925141144977,310.17142857142852,310.19995394675902,0.9611927986123463,673568.08,12.86
198.5625,198.61118737372271,315571.23,326427.05,524.03387295097627,322.875,322.88125913406617,0.98216288017105535,834018.46,16.34
208.4,208.41187243395845,304048.56,337702.99999999994,731.70716478656948,326.86249999999995,326.87022463050988,0.97993345579886426,854753.15,26.459999999999997
257.01428571428568,257.07247171621805,462603.79000000004,432388.96000000008,499.38136729357456,331.97500000000002,331.97857611598977,0.98734098344236265,881678.2,18.47
268.85000000000002,268.86264151049323,578296.96000000008,576096.79999999993,555.41482245255213,324.76249999999999,324.79173134487274,0.97458143171256717,843917.35,26.98
166.4375,166.44184044284057,221623.09000000003,218698.35000000003,42.332020977033451,26.571428571428573,70.301391979716271,0.14285714285714288,34596,18.350000000000001
183.8125,183.92508325402491,270627.49,252143.7,266.68450461172279,384.15,384.16854374089507,0.97431174866302839,1180683.76,32.44
194.08571428571432,194.10252813544554,263730.53999999998,320202.26999999996,617.40285528517416,386.51428571428579,386.52357902572663,0.98023987812296054,1045803.34,25.830000000000002
205.43750000000003,205.58627446889543,338125.73,417920.47,552.34115363604769,375.31250000000006,375.33786612863878,0.96542387646994288,1127028.1099999999,22.91
